файл,статья,вердикт,что не так,подсказка (+),подсказка (-)
Access_Denied_CPAL.png,Передовая система блокировки оружия,minor,"голова уменьшилась, аниме-пропорции потеряны, кожа в веснушках и порах, огонь слева погас","big anime-proportioned head, smooth clean skin, orange fire glowing behind her on the left, same framing","freckles, moles, pores, small head, dull dark background"
AI_Hooded_CPAL.png,Таинственная Незнакомка,ok,в порядке — подсказка для неё уже была,,
AI_Lokk_Scav1.png,Сортировка найденного утиля,bad,"голая грудь прикрыта топом, оранжевые светящиеся глаза погасли, узкий переулок стал широкой улицей с кашей из вывесок","grinning bare-breasted lokknaar girl, glowing orange eyes, pointed ears, red mohawk, narrow dark rainy alley, one dim neon sign","crop top, covered chest, normal eyes, neutral face, wide cyberpunk street, many neon signs, garbled lettering"
AI_Lokk_Scav2.png,Торговля с Хтонью,bad,"зелёный светящийся прибор перестал светиться, глаза тоже, тёмные руины стали солнечной зеленью, кожа мокрая","orange-haired pointed-ear scavenger, glowing yellow eyes, a bright glowing green gadget in his hands, dark dim ruined interior","dull unlit device, normal dark eyes, daylight, sky, green foliage, wet dewy skin, water droplets"
AI_Loknar_Assassin.png,Локк'Наары и Нарлоки,bad,"эльфийские уши и зелёные глаза пропали, голый торс закрыт кирасой, светящийся синий клинок стал обычным мечом","long pointed ears, glowing green eyes, bare torso under a purple hooded cloak, glowing blue blade, dark purple wasteland","metal breastplate, covered chest, human ears, plain steel sword, boots, green foliage, lit background"
AI_Wild1.png,Сила Обезъян,bad,"на голую охотницу надели лиф и трусы, добавили колчан, туманный синий лес стал ярко-зелёными джунглями","fully nude orange-haired pointed-ear huntress holding a bow, a bison behind her, dark misty blue forest","bra top, loincloth, briefs, quiver of arrows, bright green jungle, wet shiny skin"
Akimbo_Lady.png,ПИСТОЛЕТЫ,bad,"статья «PISTOLS SUMMARY», а пистолет в руке заменён вторым мечом; кадр приближен","a metal pistol raised in her right hand and a curved sword in the left, purple sky, same framing","two swords, second sword, missing gun, zoomed in"
AlienShields.png,Щиты Звездных Богов,bad,светящийся энергощит заменён металлическим жезлом с настоящим человеческим глазом,"a soft glowing iridescent energy shield bubble in space, a pale light beam striking it, no solid object","metal staff, rivets, engraving, ornate handle, human eyeball, iris, veins"
Animatrons.png,Аниматроны,bad,"большому роботу за стойкой пририсовали человеческое бородатое лицо, на полу выросли растения","a large faceless boxy-headed robot behind the bar, a small gold round-headed robot in front, dark bar interior","human face, beard, skin, added plants, leaves, foliage"
AnnihilatorGal_FG_392_CPAL.png,Производство силовой брони,minor,чистая красная броня заросла мхом и листьями,"clean smooth red power armour, white-haired red-eyed girl, dark rubble cave behind her","green moss, leaves, vines, plant growth on the armour, rust"
Apostate.png,Отступник Апокалипсиса,bad,"оранжевый ядерный гриб стал луной, жёлто-зелёные глаза — красными, синие костяные руки — обычными","a dark silhouetted man in a top hat, green face, glowing yellow-green eyes, blue bony hands raised, a huge orange mushroom cloud behind him","moon, ruins, red eyes, human flesh hands, detailed leather jacket"
Aqua_Plastics.png,Аквапластик,bad,схема молекулы на фиолетовой сетке заменена бойцом с винтовкой в руинах,"an abstract white ball-and-stick molecule diagram on a dark purple grid, faint schematic shapes, no people at all","person, soldier, armour, rifle, ruins, plants, any figure"
Area_Asia.png,Знания о мире: Азия,bad,"розовое неоновое зарево города выцвело в серый туман, на крышах выросли растения","a dense asian megacity canyon lit by a strong pink magenta glow, warm neon windows, colourful lit skyline","grey desaturated fog, drained colour, added green plants, vegetation on rooftops"
Area_Murrica.png,Знания о мире: Америка,bad,"стена огня и пыли за посёлком исчезла, горячий свет стал холодной лунной ночью, кожа в порах","towering orange flames and a dust plume blazing behind the shanty village, hot orange firelight on both gunmen, dark smoky sky","night sky, blue moonlight, cold tones, clear weather, skin pores, moles, freckles"
Area_South.png,Знания о мире: Южные анклавы,bad,"в пустые джунгли добавлены две крупные бронированные фигуры, луч тарелки позеленел","an empty dark purple-blue jungle valley, a hovering disc casting a pale blue-white beam, only tiny distant torch flames, nobody in the foreground","added people, two figures, foreground characters, green beam, green glow"
Astronaughty_CPAL.png,Космощельцы,bad,"гладкое тёмное забрало и серая броня покрылись жёлтой крапиной и зелёными пятнами, фон стал ночным берегом","a clean smooth dark glass dome visor, plain bare grey-white armour plates, a small orange triangle decal, pale washed-out hazy background","yellow speckles, dots, green camo blotches, lichen, rust stains, cobblestones, dark night sky"
Aurora_Apparition_CPAL.png,Аврора - Повешенная Принцесса,bad,"убраны обе HUD-панели (портрет справа вверху и скан с таймером 03:37 слева внизу), голое тело одето в купальник","a nude pale white-haired woman with a shadowed featureless face in a dark corridor, the red-stat portrait panel top right, the green body-scan panel with the red 03:37 timer bottom left","swimsuit, leotard, clothing, covered body, missing hud panels, missing timer, clear detailed face"
Aurora_Gnome.png,Освободить Аврору,bad,"полярное сияние — то, о чём вся статья — заменено красным закатом, белый мундир стал чёрным кожаным плащом","huge green and purple aurora curtains filling the night sky, a girl in a white belted uniform coat with long silver hair gazing up from the railing","red sunset, orange clouds, black leather coat, necktie, missing aurora"
Aurora_Pirate_FG_364_CPAL.png,Красноглазая малявка,bad,"кожа в сухих трещинах, красные глаза стали карими, задорная девчонка — угрюмой взрослой","smooth clear tanned skin, bright red eyes, a cheeky grin, a young slim girl, white hair, pink skull bandana, pink frilled skirt, katana","cracked skin, crazing, scales, dry texture, brown eyes, sullen adult face, wrinkles"
Beastmen_Taming_CPAL.png,Окультуривание Зверолюдей,bad,"на голую грудь надет чёрный топ, тёплый красный бар стал холодным лунным, розовый коктейль побелел","a warm red-lit bar with red wallpaper and red patterned carpet, a topless woman in black gloves and thigh boots on a stool holding a pink cocktail","blue moonlight, cold teal light, crop top, covered torso, clothed chest, white drink"
BeastmenScience.png,!Торговцы органами!,bad,"белая операционная и окровавленный стол заменены тёмными заросшими руинами, кремовый кот стал полосатым тигром","a blindingly bright white sterile operating room, a girl in a navy coat leaning over a blood-covered operating table, a pale cream cat-headed beastman in a white coat with orange eyes and a syringe","dark ruins, moss, vines, stone rubble, night, outdoors, orange striped tiger"
Big_Cat.png,Верховая езда,bad,"песочная львица превратилась в полосатого тигра, ночь стала днём, луна уменьшилась","a woman riding a plain tan lioness with no stripes, canyon at night, a big pale moon","tiger, stripes, striped fur, bright daylight"
BloodDogPed.png,Клички для Гончих,bad,"лысый красный мутант-пёс стал пушистым тигром с усами и стальным наплечником, прозрачный фон закрашен","a hairless red-orange mutant hound in profile, huge bare bony skull, head lowered, bare skin, cut out on an empty transparent background","tiger, big cat face, whiskers, fur, stripes, mane, steel armour plate, ground, rocks, painted background"
BlueWitch_FG_32_CPAL.png,Ведьма-Ангел,bad,"голая грудь закрыта тёмным боди, светящиеся фиолетовые глаза стали обычными","a bare-breasted muscular blue-haired witch, blue hood and cloak, gold collar, black thong and gloves, glowing violet eyes, an icy glowing sword, white mist","leotard, bodysuit, swimsuit, covered torso, clothing, plain eyes"
Brainer_Ritsuko.png,Что делать?,bad,плоский планшет в руках превратился в катану — учёная на брифинге выглядит мечницей,"a nude young scientist with a short blonde bob seated on a stool, holding up a flat glowing data tablet and reading it, a white lab coat draped over the chair","sword, katana, blade, weapon, hilt, older woman"
Brainer_Ritsuko_Pinup.png,Душевный разговор с Три-Л,bad,"блондинка стала мускулистым мужчиной, добавлена кожаная портупея, пастельный фон — тёмный пол","a blonde young woman lying on her back, bare breasts, an open white shirt, black shoes, a soft pastel lilac background","male body, flat male chest, abs, leather harness, dark grey floor"
C_004.png,#004,bad,"мускулистая девушка превратилась в мужчину-бодибилдера, простыни заменены зелёной стеной","a muscular young woman with breasts, short light hair, lying back on white bed sheets","man, male bodybuilder, flat male chest, beard, green wall"
C_018_CPAL.png,#018,bad,"голая фигура одета в фартук и ремни, кожа в веснушках, шрам на животе исчез, оранжевый свет холодильника стал белым, вывеска — кашей","a nude red-haired woman with a blue hairband inside a fridge, the whole scene bathed in orange-red light, a cross scar on her belly, open mouth","apron, straps, clothing, freckles, pores, white neutral lighting, garbled sign text"
C_042.png,#042,bad,женщина на жиме лёжа стала мужчиной — груди и белого топа нет,"a muscular woman bench pressing, large breasts, white bikini top straps, black shorts, black gloves, dark hair, a strained face","man, male bodybuilder, flat male chest, male face"
C_069.png,#069,bad,"женщина сверху стала мужчиной, красный плащ и меховое логово заменены мхом и лианами, кожа в трещинах","a nude woman with breasts lying on a dark-skinned lover, a dark red cloak and a curved gold-hilted sabre, a brown fur cave","male torso, male face, cracked scaly skin, green moss, hanging leaves, straight broadsword"
C_073_CPAL.png,#073,bad,"M16 превратилась в фантастическую пушку, добавлен серый дым, клыкастая гримаса стала спокойным лицом","a red-winged demon girl in black armour firing an m16 assault rifle, the whole scene lit only by orange fire, a fanged grin","grey smoke clouds, sci-fi cannon, cold grey tones, calm human face"
C_074_CPAL.png,#074,minor,"исчезла повязка на глазу, широкая улыбка стала закрытой, каре — длинными волосами","a red-haired gal with a black eyepatch over one eye, a short bob, a wide toothy grin, v-sign, dark leotard on a metal deck","no eyepatch, long hair, closed mouth"
C_104.png,#104,bad,"две пиратки на танке стали бородатыми мужиками, красный плащ пропал, почти чёрная техника побурела","two slim female pirates riding the tank, the front one in a white top, the rear one in dark armour with a red cloak, near-black machines, an orange dusty sky","male soldiers, bare muscular arms, brown rusty tanks, grey washed-out sky"
C_199.png,#199,bad,"девушка без топа стала длинноволосым мужчиной, огненно-оранжевая комната — пустым серым фоном","a topless woman with short black hair and glowing orange eyes hugging a white-haired armoured soldier, a fiery orange room, a lit sign above","man, male chest, long hair, plain grey studio background, cracked skin"
CA_13_CPAL.png,ХИЩНИК,bad,"на крыло добавлен вооружённый человек, ночное небо стало ярко-фиолетовым, корпус в ржавых потёках","a purple delta-wing interceptor alone in a dark blue night sky, a pale cyan engine exhaust glow, a clean smooth hull","any person, pilot standing on the wing, rifle, bright purple nebula, rust streaks, smoke trails"
CA_17_CPAL.png,КИТОБОЙ,bad,"на корпус корабля добавлен человек в плаще, бело-синее свечение кромок стало оранжево-золотым","a sleek white arrowhead craft alone in black space, white-blue glowing edges, a blue nebula behind, no crew visible","any person, figure on the hull, coat, orange gold glow"
CA_19.png,М-ВИНГ,minor,"простой серый истребитель стал серебристым с оранжевыми панелями, сопла заменены блоками двигателей, надпись на носу пропала","a plain dark grey jet fighter, smooth unpainted panels, two round exhaust nozzles, small nose lettering, a purple sky over white clouds","orange panel lines, gold greebles, silver hull, thruster clusters, extra drop tanks"
CA_Warbike_CPAL.png,ГОНЩИК,bad,"женщина в зелёном шлеме и броне стала мужчиной в гражданской куртке, белый фон — тёмной разрушенной улицей","a young woman rider in a green helmet and a dark green armoured bodysuit astride the olive war bike, a plain white empty background","male rider, brown civilian jacket, bare head, ruined street, cobblestones, dark background"
Captain_GoldGreen_CPAL.png,Характер: развратный,bad,"на голую грудь надет оранжевый лиф, тело в тёмной крапине и трещинах","a topless woman in an orange thong and white orange-striped stockings, a black cap, smooth pale skin, a pink neon room","bikini top, covered breasts, freckles, moles, skin pores, cracked skin, sweat droplets"
Captain_GrayGreen.png,Характер: ботан,bad,"спина и ягодицы в родинках и рытвинах, лавандовая стена почернела","a nude dark-haired woman lying face down on pale bedding reading an open book, smooth clear skin, a lavender wall","freckles, moles, pitted skin, body hair, black background"
Captain_GrayGreenOnly_CPAL.png,Рациональная Кэп,bad,"кожа в крапинах и чешуе, волосы заплетены в косу, синий самоцвет на шее стал чёрной лентой, у планеты пропало кольцо","a nude woman in an open white lab coat, glasses, loose wavy brown hair, a blue gem choker, smooth skin, a ringed planet behind her","braided hair, black choker, freckles, moles, cracked scaly skin, oiled sweaty sheen, bodybuilder abs"
Captain_GrayNoGold.png,,bad,"светлый грибной сад заменён тёмной дождливой пустотой, белые перчатки и бирюзовая серьга исчезли, бант и чокер посинели","a blonde twin-tailed girl in a blue frilled dress with a teal bow, a purple choker, long white gloves, teal-white striped stockings, a pale mushroom garden behind","dark background, rain, black backdrop, bare arms, missing gloves, blue bow, blue choker"
Cave1.png,!Храмы Демонов-Богов!,bad,"в пустую пещеру добавлен рыцарь с мечом, зелёное свечение выхода стало жёлтым","an empty purple cave, nobody inside, the far opening glows pale green-white over a wet floor","person, man, knight, warrior, sword, armour, figure, silhouette, yellow glow"
Chort_CPAL.png,Создание Чертовки,bad,безликий теневой демон с двумя белыми глазами стал освещённым мужчиной в броне с перьевыми крыльями,"a faceless female shadow demon, two glowing white eyes, the body lost in darkness, a white light burst below, red murk","visible male face, man, armour, feathered angel wings, red glowing orb, lit figure"
Chryssie_2.png,Крисалид,bad,"органический хитиновый крисалид стал клёпаным киборгом с хвостом, плоский оранжевый фон — горным пейзажем","an organic dark brown chitinous chryssalid, a fanged pink maw, clawed limbs, a flat plain orange gradient backdrop, no landscape","metal armour plating, rivets, gears, robot, tail, loincloth, rocky ground, mountains, clouds"
Concealed.png,Под юбкой,bad,"тонкая женская рука и бедро стали волосатыми мужскими, кожа в трещинах, светлый фон почернел","a slim pale hairless woman's hand lifting a purple skirt over a smooth thigh with a metal gun holster, a light purple background","male hairy arm, arm hair, veins, leg hair, cracked scaly skin, black background"
CrimeLord_FG_353_CPAL.png,Ранг: Авторитет,bad,"рыжая капитанша стала мужчиной средних лет, череп на треуголке превратился в кашу","a red-haired woman pirate captain, sunglasses, cleavage in a white shirt under a black leather coat, a clear skull emblem on the tricorn, a gold hoard, a wall of fire","man, male face, stubble, flat male chest, garbled emblem, smoke"
Dark_Chamber.png,Одержимый Солдат,bad,"тёплый оранжевый зал стал холодно-синим и зарос лианами, силуэт — чисто выбритым героем в латах","a man with a rifle as a dark backlit silhouette in a warm orange lamp-lit machinery chamber, sepia brown tones","cold blue lighting, green vines, foliage, plants, brightly lit face, plate armour"
Dark_Chamber_2.png,Имп,minor,"решётчатая печь заменена открытым огнём и добавленным стеклянным баком, силуэт получил лицо и длинные волосы","a backlit dark silhouette of a man with a rifle, a barred glowing furnace cage behind him, orange fire-lit machinery","added glass tank, fully lit face, long flowing hair"
Death_Race.png,Контакты: Военачальники Дикополья,bad,"оранжевый огненный шар стал чёрным дымом, гладкая пыльная равнина — полем щебня, багги размножились","a bright orange-yellow fireball lighting a smooth pale dust flat, one tan armoured buggy with twin barrels, a teal horizon band","black smoke plume, rubble-strewn ground, duplicated extra vehicles, garbled radar trace"
Demonic_Bondage.png,Кающаяся,bad,"голая коленопреклонённая женщина закована в металл с антеннами, плоская фиолетовая пустота заменена полом с лепестками","a naked woman kneeling in blood, bare pale skin, breasts and limbs unarmoured, a flat dark purple void behind her","metal plating over skin, antennae, cracked armour, rose petals, floor, teal misty background"
Demonic_Transformation.png,Урон в Сумраке,bad,"жёлтые светящиеся глаза и оскал пропали, голубые пряди исчезли, звёздное небо заменено каменными руинами с травой","a red demon with glowing yellow eyes, a wide bared-teeth snarl, dark hair streaked pale blue, a starry purple sky, an orange horizon","normal dark eyes, closed mouth, plain black hair, stone ruins, moss, green grass, tall boots"
Dragon_Galley.png,Контакты: Тайгер Транспорт,bad,"солнечный день стал чёрной грозой, бело-голубой дракон побурел, блондинка на палубе — черноволосым мужчиной с пистолетом","a bright sunlit pale blue sky with white clouds, a pale blue-white dragon, a small blonde gal in orange on the deck","night storm clouds, dark brown dragon, black-haired man, cape, flintlock pistol"
ExploringTunnels_FG_345.png,Туннели Убежища,bad,женщина в зелёной жиже стала мужчиной: белая повязка на груди и юбка заменены штанами на мужском торсе,"a woman seen from behind, wide hips, a white cloth wrap across her chest, a white ragged skirt, a pirate tricorn, green sludge","man, male torso, narrow hips, brown trousers, shirtless male back"
Fungus_Adaptation.png,Приспособиться к грибам,bad,"туманный бело-бирюзовый грибной лес стал насыщенно-фиолетовым с мхом под грозой, голая грязь заросла травой","misty pale grey-white and teal mushroom caps, hazy bright fog, bare dark mud and water, a craggy tan rock, a blonde figure","purple caps, green moss, grass, storm clouds, smooth cracked egg, vines"
Galactic_Society.png,Рубежники,bad,"оранжевый огненный гребень над забралом стал золотым шипом, пришельцы превратились в людей и робота","a glowing orange flame crest over the teal visor, a white alien with a forehead gem, a purple-blue plumed alien, a warm brown carved maze wall","plain gold spike, ordinary human faces, bald human man, silver robot head, grey stone"
Gauss_Basic_Ped.png,Гаусс-боеприпасы для начинающих,bad,"плоский зелёный чертёж-контур стал фотореалистичной пушкой, ствол в пузырях, боеприпас позеленел в медь","a flat green wireframe outline drawing of the gauss gun on dark purple, a separate cartridge floating above, no fill and no shading","solid photoreal render, bubble blisters, droplet bumps, copper ammo blocks"
GDX_Out.png,Осмотр: тело д-ра Икс,bad,"голое женское тело на плите стало одетым мужчиной в броне, фиолетовая пустота — промышленным залом с городом","a nude female corpse lying face down on a slab, a pale bare skin silhouette, a flat dark purple void, a grey-teal grid panel","man, clothes, leather straps, steel pauldron, boots, rope, cityscape, industrial hall"
Gnome_16B.png,VIP: Варгерл,bad,"лицо и торс в веснушках и волдырях, кулак уродливый, оскал стал спокойным ртом, на голую кожу надеты латы","a red-haired gal with smooth tanned bare skin, an angry bared-teeth snarl, a plain dark bikini top, bare shoulders and thighs, a blue cloudy sky","freckles, pores, blistered warty fist, calm closed mouth, added shoulder and leg armour, flame markings"
Gudrun_Explorations_5.png,Д-р Икс - исследователь,bad,"белая куртка с рукавами стала тёмной майкой с голыми плечами, мутные руины заросли мхом, добавлена кровь","a woman from behind in a bright white long-sleeved jacket, a murky near-monochrome flooded ruin, very dark teal tones","navy tank top, bare arms and shoulders, green moss, brighter sky, blood stains, pistol"
Gudrun_Veil1_CPAL.png,Ритуал Смерти Гудрун,bad,"длинная чёрная вуаль с головы исчезла, прозрачное платье стало чёрной майкой, плечи в веснушках","a pale gothic woman draped in a long black veil over her head, a sheer brown gown, a silver pendant, leaning on a moonlit balustrade","bare shoulders, black tank dress, uncovered hair, blunt fringe, freckles, moles"
H_006.png,Древняя запись 506A-22,bad,"разбитая линзовидная тарелка превратилась в кита с глазом и плавником, добавлен джип, электрические дуги пропали","a crashed smooth dark lens-shaped alien saucer half buried in red desert, crackling energy arcs, two helmeted soldiers behind a wooden crate, dead grey aliens","whale, eye, barnacles, flippers, tail fluke, jeep, truck"
HeavyDutyPed.png,Сверхпрочные конструкции,bad,"плоский зелёный трафарет механизмов стал цветным рендером с человеческим лицом и руками, вплавленными в трубы","a flat two-tone green silhouette of heavy plastasteel machinery, gears, cylinders and rods on dark purple, filling the frame","human face, arms, body, melted anatomy, letterbox border, colour splatter"
Hotkeys.png,Гор. клавиши,bad,"чёрный колючий хвост стал гладкими каштановыми волосами, кожаный лиф — коричневым жилетом, поющее лицо — тяжёлым взглядом","a singer with a black spiky ponytail, eyes closed, head tilted back, mouth open, a glossy black leather bra harness, a hoop earring, a storm sky","brown hair, tooled brown vest, chains, open eyes, closed mouth, older face"
Hoverbike.png,Ховербайк,minor,"композиция цела, но кожа в «чешуе», сине-фиолетовый байк заржавел, красно-бурая земля стала серым гравием","goggled girl lying on a blue-purple hoverbike, smooth clean skin, red-brown mossy ground","freckles, moles, spots, scales, scaly skin, rust, grey gravel"
Hovertanks_CPAL.png,*Кооперация Землян и Ретикулян*,bad,"в статье парящие танки — на картинке им пририсовали гусеницы и катки, свечение под днищем и синяя вспышка пропали","hovertanks floating above the grass on skirted trackless hulls with a dust glow beneath, a blue energy flash at the left, hull lettering","tracks, caterpillar treads, road wheels, sprockets, suspension, star emblem"
Humanist_Files.png,Взлом файлов Гуманистов,bad,"чёрный силуэт получил освещённое лицо, оранжевая линза камеры на груди погасла, кадр ужался до портрета с рамкой","a full-frame backlit silhouette of a man in a long coat and tie, the face entirely black, a chest camera with a glowing orange lens","visible face, studio backdrop, small centred portrait, image border, second camera"
Huntress.png,Дикарка,bad,"стройная голая дикарка стала бодибилдершей в спортивном лифе и шортах в студии, копьё в одной руке, дождь и боевая раскраска пропали","a slim young wild girl, nude, teal blue hair, mouth open yelling, both arms raised holding a spear overhead, gold armbands, white war stripes, rain","bodybuilder muscles, sports bra, shorts, studio curtain, black box, one-handed spear"
Hybrid_Agent_CPAL.png,Наследие людей-гибридов,bad,"гибрид с огромным черепом и бледными глазами стал обычным мужчиной средних лет, серый костюм позеленел","a bald hybrid with an oversized domed cranium, huge pale blue eyes, no eyebrows, a tiny mouth, a grey suit, a red tie, a pistol, a top-down crime scene","human face, eyebrows, wrinkles, stubble, normal head, olive suit"
Hybrid_Examination.png,Боец: Лупоглаз,bad,"добавлен второй такой же пришелец, бирюзовые надбровья и фиолетовые глаза стали серо-чёрными, фиолетовые метки у руки пропали","one lone grey bug-eye alien female, cyan turquoise ridges over the brow, violet eyes, purple marks by her hand, a dark purple background","second alien, twin, duplicate, black eyes, plain grey head, blue background"
Ice_Damsel.png,Ледяная Леди,bad,"высокая белая меховая шапка стала кожаной фуражкой, светлые локоны — рыжими, ледяной белый фон потемнел, кожа в веснушках","a tall fluffy white fur hat with a blue star, pale blonde curls, blue eye makeup, white lingerie, a scoped rifle, a bright icy white background","peaked leather cap, dark background, ginger hair, freckles, moles, blemished skin"
Industrial_CPAL.png,Промышленные инструменты,bad,"в пустой литейный цех добавлена женщина в броне, сплошное свечение печи распалось на отдельные языки огня","an empty foundry hall with no people, a glowing molten orange furnace wall, a hanging machine head, robot arms, sparks, barrels","person, woman, armoured figure, standing character, face"
Labirynthus_Noctis.png,!Лабиринт Ночи!,bad,"на пустую марсианскую поверхность добавлены освещённый комплекс, спутник и модули","an empty mars orbital vista, the valles marineris canyons, a small sun low on the hazy limb, untouched red desert","buildings, space station, satellite, antennas, vehicles, surface lights"
Laser_Nuclear_Ped.png,Хеллериевые лазерные батареи,bad,"вместо абстрактного светящегося шара с лучами нарисована женщина в броне, летящая сквозь луч","an abstract white-hot orb on a dark purple void, pale pink light rays streaming to the left, nothing else","people, woman, warrior, armour, limbs, face, creature, stars"
MBT.png,БОЕВОЙ ТАНК,bad,"в статье «ховертанк», на картинке гусеницы и катки; свечение под днищем пропало","a hovering tank floating above the sand, no wheels and no tracks, a blue glow under the skirted hull","tracks, caterpillar treads, road wheels, sprockets, suspension"
MedExam_CPAL.png,Медицинский осмотр,bad,"кожа в тёмной крапине, зелёная световая панель заменена синей машинерией, тёплый зелёный свет стал холодным, у стойки лишняя рука","a nude woman with a hand to her head, smooth clean skin, a large glowing green-white light panel behind her, warm green lighting, a dark console screen","freckles, moles, speckled skin, blue lighting, extra hand, cluttered wall, bright green radar screen"
MirrorMirror_CPAL.png,Безупречная Кэп,bad,"голая фигура одета в зелёное платье, у отражения пропали корона, головной убор и золотое платье королевы","a nude dark-haired woman seen from behind before a gold mirror, the reflection a crowned queen in a green and gold gown","clothed standing figure, green dress, missing crown, missing headdress, plain grey mirror background"
Monolit.png,Жидкие металлы,bad,тело из жидкого металла с хромовой маской заменено обычной женщиной в кожаной броне в поле,"a naked body of black liquid metal, a chrome mirror mask floating above it, dark smoky void","clothes, leather armour, dress, ordinary woman, field, sky, landscape"
Nationalization.png,Троллетариат,bad,"женщина-киборг стала мужчиной, золотые серп и молот на груди исчезли, фон заменён синим цехом","a female cyborg trooper, pale lips under a visored steel helmet, a gold hammer and sickle emblem on the chest, a flat orange and purple background","male face, stubble, masculine jaw, blank chest disc, missing hammer and sickle, industrial hall"
Nekomimi_Warlord.png,ВРБ: Кошковоительница,bad,"белошёрстный кот-военачальник стал клыкастым чешуйчатым демоном, всё заросло плющом","a white-furred catman warlord, a feline face with whiskers and pointed ears, red studded armour, a japanese wooden veranda behind","ivy, leaves, vines, plants, tusks, snout, scaly wrinkled hide, demon face"
Ogress_Defeated.png,Огресса побеждена,bad,"рыжая огрица стала мужчиной, кожа в сетке трещин, яркий солнечный фон — серой каменной аркой","a huge muscular red-haired woman kneeling, her face hidden behind her hair, silver wrist cuffs, a bright pale sunburst background","male face, masculine jaw, cracked skin, stone arch, rubble, grey walls"
Orbit.png,Спутниковая сеть Земли,bad,"маленькая ракета у правого края заменена гигантским человеком, стоящим на облаках","seen from orbit above the purple cloud deck, a small white rocket at the right edge, no people at all","person, man, figure, astronaut, giant, standing on the clouds"
Pharmacology_CPAL.png,Фармакология,bad,"белая юбка с золотом стала серебряными шортами, смущённое лицо — нейтральным и в веснушках, белое поле таблеток потемнело","a black-haired girl in long blue gloves, a blushing open mouth, a white gold-trimmed skirt, a bright white field of pills, a green spill","silver shorts, freckles, moles, neutral face, dark grey background, dark water"
Powergal.png,ВАТАГА,minor,"в бледный туманный город добавлены столбы чёрного дыма и пожары, растрёпанные волосы стали аккуратным хвостом","a red-haired woman with loose messy hair, a spear on her back and a rifle, a pale hazy grey-blue ruined city, only faint embers","smoke plumes, large fires, ponytail, dark dramatic sky"
Pumas.png,VIP: Сестры Пумы,bad,"две сестры-кошкодевочки стали львами-самцами с гривами, добавлен разрушенный город позади","two catgirl sisters on white hoverbikes, female faces with cat ears and wild orange manes, a flat tan background","male lion heads, lion manes, ruined town, buildings, street, dust"
Quarantine.png,БОЕВОЕ ТАКСИ,bad,"раскалённый огонь на капоте такси стал обычной ржавчиной, шипы с бампера пропали, пулемёт раздвоился","the taxi is burning: glowing orange-red molten fire over the bonnet and front wing, spiked ram bar on the bumper, one minigun on the roof, purple night street","rust, plain weathered paint, no fire, clean car, wet mirror-like road, two guns"
Ressurect.png,Шивалингам в награду,bad,"светящееся ангельское видение стало плотной женщиной в кожаном лифе, крылья посинели, тёплый свет свечей стал серым","a glowing ethereal winged angel of white light on the temple steps, warm orange candlelight, a body lit orange on the altar","leather bra, leather skirt, solid opaque woman, cyan blue wings, grey cold lighting"
Sadako.png,Материализация Духа,bad,бледная девушка-призрак с чёрными волосами на лице стала серебристым мужчиной-бодибилдером,"a pale slender young woman, white skin, long black hair hanging over her face, female body, black void","man, male, bodybuilder, muscular man, male face, silver skin"
Shield_Ped.png,Силовые поля,bad,"две крошечные фигурки на дальнем причале раздуты в героев на переднем плане, красно-ржавый коралл стал зелёными кустами","a wide empty night bay, an alien saucer over the water, a dark ruined city at the right, a tiny distant pair on the jetty, a red-rust coral bank at the left","large foreground figures, close-up characters, green foliage, heroes seen from behind"
Space_City.png,Лапута,bad,в пустое ущелье башен добавлена женщина в середине кадра,"an empty canyon of city towers, a small spaceship flying toward the bright planet, nobody anywhere","person, woman, man, figure, character, astronaut, standing in the middle"
The_Pit.png,Хеллериевая экономика,bad,"бледные призрачные фигуры на краю кратера заменены крупным сидящим мужчиной, серый камень зарос мхом","a huge concrete crater in a grey city, a red-orange glow deep at the bottom, pale ghost-white shapes on the right rim, a tiny distant walker","seated man in the foreground, close-up character, green moss, grass, vegetation"
VIP_3.png,Клиент: Альянс Мутантов,bad,"Сая сменила пол: бледная девушка с тёмным каре стала юношей с голым торсом, кожа в веснушках и порах","saya, a pale grey-green skinned young woman, a dark bob with side strands, orange lips, bare shoulders, a dark violet background","male body, man, muscular chest, freckles, pores, spiky hair"
VIP_14.png,Рейдерский Субподряд,bad,"светящиеся оранжевые окуляры и противогаз пропали, рейдер стал безликим рыцарем в полированных латах, город — пустым небом","a raider with glowing orange goggle eyes, a gas mask, a ragged long cape with orange rim light, a ruined purple city, overhead cables","bare face, plate armour knight, clean shaven man, empty cloudy sky, smooth cloak"
Wizard1.png,Белый Отец,bad,"статья «The White Father», а бело-русые волосы стали чёрными","white-blond long hair, pale cream robe, staff, green domed city behind the arch","black hair, dark hair, brunette"
Wojakbrain.png,Пузырники,bad,"гигантский мозг, внутри которого сидит фигура, стал каменным троном; рисунок-каракуля стал фотографией одетого мужчины с сигаретой","a line-art doodle, a nude man with glasses seated inside a giant wrinkled brain, holding a tiny cocktail, cream paper","stone throne, moss, loincloth, clothing, cigarette, photo realism, curly hair"
wtfbg_CPAL.png,Погоня за Сумраком,bad,намеренно размытое фиолетовое марево стало чёткой крылатой женщиной с придуманными руинами и жаровнями,"an abstract blurred purple haze, a faint unresolved winged figure barely visible, soft white wispy streaks filling the whole frame","sharp defined woman, face, armour, stone ruins, braziers, fire, belt"
XX01.png,Социальная иерархия,bad,"золотой навершный камень пирамиды и вспышка белого света пропали, на скалу добавлен человек, небо стало сепией с трубами","a giant pyramid with a detached golden capstone blazing white light and a pink glow, a teal sky, salmon clouds, a ruined city, an empty rock","human figure, silhouette on the rock, smoke plumes, sepia brown sky, plain apex"
XX20.png,Наша культура,minor,"тот же череп, но глянцево-фиолетовый в слизи, лишние щупальца, человеческие зубы, серая стена заменена дождливой пустотой","a purple alien skull, long pointed ear-horns, exactly two segmented crossed tentacles, small jagged teeth, muted matte, a grey stone wall","extra tentacles, dripping slime, rain, glossy neon purple, big white human teeth"
XX50.png,!Лагерь Налетчиков!,bad,"оранжевый взрыв исчез, рыжие волосы потемнели, с дорожного знака пропало «666»","red-orange haired biker girl swinging a chain, a big orange fireball behind her on the left, the road sign reads 666, purple sky","dark brown hair, missing explosion, blank sign, calm face"
Yig.png,Ийг,bad,безликая чёрная тварь со щупальцами и светящимися глазами стала женщиной в латах с человеческим лицом,"a towering faceless black tentacled entity, glowing pale slit eyes, a tentacle crown, many thin tentacles, a small orange flame, a warm brown canyon","human face, woman, hair, plate armour, purple walls, ivy, green plants"
Z_Pod.png,ЗУБРИН,bad,"белый бронескафандр стал чёрным комбинезоном, шлем-пузырь исчез, радужная полоса на корпусе — французским флагом","a woman in a white-grey armoured spacesuit, a clear sealed bubble helmet, a silver teardrop pod, a multicolour rainbow stripe decal, a purple starfield","black bodysuit, open helmet, no visor, national flag, tricolour, cracked weathered hull"
Zombie_Witch_1.png,Красота Зомби,bad,"зеленокожая девушка стала измождённым мужчиной, кожа в шрамах-крапинах, сигарета из пальцев пропала","a young green-skinned zombie girl, orange-blonde hair with a braid, a lit cigarette in her fingers, an open stitched lilac lab coat, a bare chest","male face, old gaunt man, freckle scars, pores, button nipples, missing cigarette"
