name	distance	shape	rejected
Wolverin_Ped	88.2	-0.659	да
Avatar	88.7	-0.149	да
XX20	39.8	-0.130	да
VIP_14	52.4	-0.116	да
RAIDER_CPAL	100.2	-0.097	да
MiG	116.0	-0.093	да
Huntress	87.4	-0.091	да
CARREER_MISSIONS	99.6	-0.070	да
CA_Warbike_CPAL	132.0	-0.056	да
MutonByNeoworm_UPed	42.6	-0.028	да
Doomslayer	87.6	-0.001	да
MoonNazis	73.5	0.011	да
Ultramarine	27.5	0.014	
BATTLE_FORM	119.4	0.034	да
Captain_GrayGoldOnly_CPAL	127.9	0.053	да
wtfbg_CPAL	46.0	0.074	да
Captain_Doblegold_CPAL	80.1	0.083	да
AlienResearchUnderwater_CPAL	59.4	0.089	да
sgr_02_CPAL	60.6	0.113	да
Moon_Nazi_Base	53.8	0.113	да
Soldiers1_CPAL	43.6	0.157	да
C_143_CPAL	52.7	0.189	да
Bikergirls_11	72.0	0.190	да
C_049	51.0	0.192	да
Nucc	63.7	0.197	да
AI_Hooded_CPAL	30.6	0.203	да
C_090	55.7	0.205	да
sgr_05_CPAL	43.7	0.207	да
Dream9	36.5	0.207	да
Ogre_n_Gnome_4	93.2	0.212	да
DRESSUP	130.5	0.212	да
Chort_2	44.4	0.215	да
NoConsent_CPAL	86.2	0.216	да
Catgirl01	48.0	0.220	да
CA_Thunderbird	47.3	0.221	да
Advanced_Weapons	99.8	0.223	да
Sakura_D	61.0	0.224	да
Bollz_CPAL	27.1	0.232	
Gauss_Basic_Ped	17.4	0.234	
XX50	44.3	0.235	да
CA_JET	84.3	0.237	да
Scanner	40.0	0.240	да
Biomimetic	25.3	0.241	
Humanist_Files	12.7	0.242	
GDX_Porn	79.8	0.244	да
Wojakbrain	84.3	0.247	да
CA_13_CPAL	21.3	0.254	
Golden_Peasant	92.5	0.257	да
NaziBase	72.7	0.257	да
CA_BUS2	65.9	0.258	да
Boxxed2	46.0	0.259	да
C_011_CPAL	54.5	0.262	да
C_X35_CPAL	63.1	0.265	да
Gnome_Scare	53.8	0.266	да
Systems_2	77.2	0.266	да
Planet35	51.2	0.286	да
Simulacrum	16.5	0.288	
OtherDimensions_FG_345_CPAL	38.7	0.291	да
Hybrid_Examination	27.2	0.302	
Prize_White_Rabbit	100.9	0.303	да
Gnome_13	25.5	0.303	
CA_16	50.5	0.304	да
Hell_Pwr	46.4	0.305	да
Govt_Files	23.3	0.305	
X84_CPAL	52.8	0.306	да
Captain_NoRed_CPAL	39.1	0.306	да
Systems_1	54.9	0.311	да
C_142	44.6	0.311	да
Prize_Contraband	60.4	0.312	да
Runt_Jacket_2_CPAL	55.5	0.315	да
Captain_GoldGreenOnly_CPAL	30.8	0.315	да
Sly_Bullets	42.0	0.316	да
Vacation	61.1	0.317	да
Gudrun_Test5_CPAL	47.3	0.318	да
Aqua_Plastics	20.2	0.319	
C_134	55.9	0.319	да
H_Lander_Cab	54.3	0.324	да
H_004	36.5	0.325	да
XX36	61.0	0.327	да
C_055_CPAL	42.9	0.328	да
Alabaster_Queen_1_CPAL	57.1	0.329	да
X66_Ped	43.9	0.331	да
Queen_Gentle_3	43.1	0.331	да
Chem_Ped	31.1	0.335	да
AlienGauss	13.2	0.337	
Szef	57.9	0.337	да
Ilya_Big1B_CPAL	59.1	0.339	да
AIRBIKE_PIRANHA	49.6	0.341	да
SSBG_Ped	3.6	0.341	
Maid	30.0	0.341	да
SpaceYaht	52.0	0.343	да
Queen_Warrior_2	33.8	0.345	да
AI_Loknar_Assassin	15.4	0.348	
X95_Ped	35.6	0.349	да
H_006	46.1	0.350	да
GreatBase	36.3	0.355	да
Rocket_Science	58.4	0.355	да
Burning_Suns	75.6	0.358	да
DIVER	83.6	0.361	да
ShadowSyn_CPAL	15.8	0.363	
Galactic_Society	46.3	0.367	да
Lo_Wang	42.7	0.367	да
Beastmen_2	37.1	0.368	да
Gudrun_Explorations_5	24.3	0.371	
Noctis_1	38.5	0.375	да
Medicine_Spatiale	69.5	0.376	да
GDX_Out	15.9	0.376	
Codex_Choice2	57.7	0.377	да
Farmgirls	69.2	0.377	да
Bugeyes	41.9	0.378	да
SeaTransport	58.6	0.378	да
UNMAGICA	83.2	0.380	да
ZanderSmallDark2	27.5	0.380	
Styx	65.1	0.381	да
Roman_Soldiers	59.3	0.381	да
Captain_RedGreen_Only	51.0	0.382	да
Monolit	11.8	0.384	
Civilian_Traffic	44.0	0.388	да
Strip_Club	74.0	0.392	да
C_092_CPAL	64.4	0.393	да
XX22	56.3	0.394	да
Eridian_Elites	52.3	0.394	да
Ogre_God	31.4	0.398	да
Sexy_Clinic	97.9	0.399	да
Void_Road	31.5	0.399	да
MEDIEVAL_CPAL	54.2	0.400	да
Prize_Saya	66.5	0.401	да
Siren_Infiltration_CPAL	26.6	0.403	
TENTACLEPET	88.2	0.403	да
X61_Ped	27.1	0.403	
Death_Angel_CPAL	26.1	0.405	
EternalSunset_FG_501_CPAL	48.1	0.406	да
Cave_Anomaly	17.1	0.408	
C_149_CPAL	47.7	0.411	да
Black_Sun	48.5	0.413	да
Kokoro	63.0	0.415	да
Underwater_9_CPAL	65.2	0.416	да
C_057	53.1	0.417	да
ToMars	47.8	0.417	да
AGAINST_ODDS	69.0	0.418	да
Booty_SPT_CPAL	26.3	0.418	
Witches2	51.1	0.419	да
CARREER_KILLS	59.1	0.419	да
Serpieri_1	84.1	0.420	да
Crypt	34.5	0.420	да
sgr_04_CPAL	21.0	0.420	
RedMage_Flowers_FG_333_CPAL	39.0	0.420	да
Quarantine	30.7	0.420	да
ATTITUDE_PROBLEM	49.5	0.420	да
MAGICIENNE	72.8	0.422	да
Slave_Soldiers	75.0	0.424	да
sgr_03_CPAL	33.4	0.424	да
CodexGold_FG_413_CPAL	49.1	0.426	да
sgr_01_CPAL	44.1	0.428	да
Cat_Nun_Warrior_CPAL	26.9	0.428	
BeastmenScience	50.2	0.428	да
Postapoc_Manara_CPAL	45.6	0.430	да
GDX_Singer_CPAL	16.6	0.431	
WRESTLER	61.6	0.432	да
H_015	42.7	0.432	да
NEKO_OUTLAW	43.2	0.433	да
MAXDAKKA	71.0	0.435	да
SC_34_CPAL	53.2	0.435	да
C_017_CPAL	54.8	0.436	да
Runt_Drill	62.3	0.438	да
Theban_Bar	30.3	0.438	да
MBT	54.8	0.439	да
Prize_Dragon_1	25.8	0.442	
Cat_Secret_Order	25.2	0.443	
Gravball	58.7	0.444	да
VR_Shock	48.3	0.445	да
Captain_GrayExt_CPAL	24.1	0.445	
C_076_CPAL	66.7	0.448	да
Intro_09d_CPAL	47.2	0.449	да
Starship_Junkyard_CPAL	42.0	0.450	да
Hermetic_Order	66.0	0.450	да
Micronoids	20.7	0.450	
Spider_Race	25.4	0.452	
Seeders	54.3	0.452	да
Witch_Jupiter	37.1	0.453	да
POSTMORTEM_KILL	63.5	0.454	да
Necropirate_Fighting_CPAL	37.5	0.455	да
XX57	58.6	0.456	да
VETGLAMOUR	85.9	0.458	да
CA_BlackWidow_CPAL	47.6	0.460	да
Captain_Redgold_CPAL	62.5	0.462	да
Intro_10	21.9	0.462	
Cat_Tourist_CPAL	67.4	0.462	да
OgreSpy3_CPAL	17.0	0.462	
GoodGalBadGal	37.4	0.463	да
Gork_and_Mork	47.9	0.464	да
OEV	53.9	0.465	да
Gudrun_Xeno1	28.4	0.466	
Gnome_7_CPAL	23.3	0.471	
X80_Ped	31.5	0.472	да
Golden_Prince_AI1_CPAL	44.2	0.473	да
Bath	96.0	0.474	да
Area_Asia	45.6	0.475	да
Oneira_CPAL	28.7	0.477	
Captain_GrayNoGold	49.2	0.477	да
Captain_RedExt	64.3	0.478	да
Ressurect	37.2	0.480	да
Missile_Craft_CPAL	48.3	0.480	да
Dungeon_Sword	26.6	0.481	
Gnome_Museum	73.1	0.482	да
DragonCalling	39.2	0.483	да
C_115_CPAL	69.6	0.484	да
Escape_From_Hell_2_CPAL	28.9	0.484	
RedMage_FG_Oni2_CPAL	17.7	0.484	
Conjuring_CPAL	32.2	0.485	да
Kenshiro	48.5	0.487	да
Synth_Shy	15.7	0.487	
Captain_RedGreen	37.9	0.487	да
HAMMERER	76.6	0.487	да
X39_Ped	22.7	0.490	
Prize_Bazooka_CPAL	25.6	0.490	
Kingdom_Death	33.3	0.491	да
FALLEN2	76.4	0.491	да
Meditation_CPAL	68.1	0.492	да
PirateRest	47.1	0.493	да
MilitaryDrill_FG_250_CPAL	37.2	0.494	да
C_114_CPAL	92.2	0.495	да
SSFB_Ped	4.9	0.495	
LibraryBig_FG_842_CPAL	30.4	0.496	да
XX07	39.9	0.496	да
ExplosivesPed	15.0	0.497	
Homminator	18.9	0.498	
Captain_RedNoGreen_CPAL	38.8	0.499	да
CENOBITE	80.9	0.499	да
Flying_Cars_CPAL	53.1	0.501	да
Cats	38.7	0.502	да
X34_Ped	46.7	0.503	да
X59_Ped	41.5	0.504	да
CHEMKILL	51.5	0.505	да
X45_Ped	55.7	0.506	да
C_147	54.9	0.506	да
XX05	26.3	0.507	
Dream19	40.2	0.507	да
C_014_CPAL	24.6	0.507	
C_160	25.5	0.509	
Dream5	19.9	0.509	
Big_Fish_CPAL	61.8	0.509	да
Mechapilot	36.5	0.510	да
Robot_Pwr_CPAL	31.0	0.510	да
Command_Control	29.5	0.511	
Gnome_AI_2_CPAL	27.4	0.511	
Prize_30mm	27.9	0.512	
Gnome_Nude_197_CPAL	39.8	0.512	да
MirrorMirror_CPAL	39.3	0.515	да
Shield_Ped	29.7	0.517	
Prize_Dragon_3B	15.1	0.518	
CA_Baloon_CPAL	45.8	0.518	да
Pirate_Beach_CPAL	57.6	0.518	да
BATTLE_FORM_GAL	88.7	0.518	да
Noctis_3	31.7	0.518	да
Nucc_Flamer	48.8	0.520	да
C_148	47.2	0.520	да
AncientAliens_CPAL	52.2	0.520	да
X83_Ped	43.3	0.521	да
Impant1115_CPAL	17.2	0.521	
C_063	26.8	0.521	
BunkerDoor	45.2	0.522	да
SlavesToDarkness_FG_338_CPAL	35.9	0.522	да
Romanica	48.9	0.523	да
XX16	49.2	0.524	да
C_113	40.1	0.525	да
CLONETROOPER	64.9	0.526	да
C_135_CPAL	35.8	0.526	да
Klickor2_CPAL	62.7	0.526	да
C_110	52.5	0.527	да
C_001_CPAL	46.9	0.528	да
CodexGreen_FG_435_CPAL	40.8	0.528	да
CHAPLAIN	62.7	0.528	да
DARKLING_CPAL	42.7	0.529	да
X46_Ped	30.3	0.529	да
C_141	25.9	0.529	
Brainer_Ritsuko_Pinup	99.7	0.529	да
Pirate_Tentacles	31.6	0.530	да
Motoko1	51.2	0.530	да
NEKO_SWIFTPAW	59.5	0.531	да
CA_14	66.6	0.531	да
Xcom_Statue	22.9	0.531	
Floater	34.1	0.531	да
C_042	86.7	0.532	да
Space_Freighter_Raid	51.0	0.532	да
Rin_27	54.1	0.534	да
CIV_KILLS	40.8	0.534	да
Demonic_Transformation	26.4	0.536	
ABBEY	31.6	0.538	да
Space_Girl	26.0	0.538	
STABBER	52.2	0.539	да
Fungus_Adaptation	33.5	0.539	да
Ninja_67	30.1	0.541	да
Nationalization	34.6	0.541	да
XX74	37.2	0.542	да
C_068_CPAL	37.3	0.542	да
BlackDragon_FG_393_CPAL	25.9	0.542	
Demonic_Bondage	14.8	0.542	
Concealed	64.5	0.542	да
JUDGE_CPAL	40.2	0.543	да
MiBGirl	66.2	0.543	да
C_048	53.6	0.543	да
Hellcat_CPAL	27.6	0.544	
Black_Dragon1	18.5	0.544	
Maid_Cleaners	72.0	0.545	да
Alien_Love_LM_CPAL	51.2	0.545	да
Prize_Autoshotgun_CPAL	42.5	0.545	да
CA_29_CPAL	40.4	0.546	да
White_mage_2	25.7	0.547	
AAP_003_CPAL	52.7	0.547	да
CombatGirls	43.0	0.548	да
NanoCarbon_FG_432_CPAL	21.6	0.548	
Runt_Jacket_1_CPAL	65.4	0.548	да
Nekos_CPAL	43.7	0.548	да
Brivade_CPAL	43.0	0.549	да
C_025	52.1	0.549	да
Weaver	10.6	0.549	
Destruction	53.4	0.550	да
Prize_AT_Rifle	10.1	0.550	
Akiko_1	81.1	0.551	
Dream_Quest2	20.5	0.552	
Terminator	35.3	0.554	
WalkingThePlank_FG_167_CPAL	46.4	0.556	
SEC_SCI_ENG	33.2	0.557	
Cthulhu_Sacrifice_3_CPAL	27.8	0.558	
AI_Wild1	23.8	0.559	
Spector_Ped	41.2	0.559	
Portal_2	65.3	0.560	
Runtsy_5	43.1	0.561	
Govt_War	32.3	0.562	
C_140_CPAL	40.0	0.562	
X60_Ped	49.5	0.562	
Akasha_CPAL	21.1	0.562	
SSLV_Ped	3.7	0.563	
LASERKILL_CPAL	38.4	0.563	
Highway_Star	40.7	0.563	
ZanderFullUPED	34.5	0.563	
X50_CPAL	67.4	0.564	
LUCKYSHOT	65.3	0.564	
C_067	50.0	0.565	
Blood_Gal_CPAL	35.3	0.565	
sgr_07_CPAL	51.2	0.566	
Konoko	25.7	0.566	
Briefing_Terminal_Terror	45.1	0.566	
BIG_BUGEYE_WIZARD_SPECIALIZATION_CPAL	38.8	0.567	
Prize_Piranha	45.3	0.567	
Tits_Deep	64.7	0.567	
C_086	49.4	0.567	
RACE_KILLS_CPAL	36.5	0.569	
IDOL	36.9	0.569	
C_098_CPAL	40.5	0.569	
SEC_SCI_COM_CPAL	39.6	0.570	
Ritsuko_Smoking	29.5	0.570	
X64_Ped	47.9	0.571	
Brain_In_A_Jar	19.7	0.571	
PRO2	59.8	0.571	
HighwaymenFort_FG_113_CPAL	23.5	0.572	
XX15	77.7	0.572	
ChaosSyn	20.9	0.572	
Spacejunk3_CPAL	26.8	0.572	
EXECUTIONER_CPAL	42.2	0.573	
C_125	25.8	0.573	
Catgirl_Space	20.7	0.573	
HEALER	53.1	0.574	
SU_DS	27.5	0.576	
H_051_CPAL	24.3	0.576	
NINJABOO	48.0	0.579	
SCARAB	35.7	0.579	
NEPOTISM	61.9	0.580	
SEC_TRD_ENG	28.7	0.580	
X06_Ped_CPAL	33.8	0.580	
XX28_CPAL	47.3	0.580	
Brainer_5	36.9	0.581	
Delorean_Mission	19.8	0.581	
Zombie_Witch_1	29.7	0.581	
X57_Ped	21.0	0.581	
SectoidPed	47.8	0.582	
Gun_Queen_CPAL	54.5	0.582	
C_118	60.9	0.583	
Milking	78.9	0.583	
Aurora_51B	51.8	0.583	
Smith_Gal_CPAL	21.3	0.584	
Repentia_Nun_Outfit	12.1	0.584	
DRUUNA_1_CPAL	25.9	0.584	
RIFLEKILL	35.5	0.584	
FALLEN	44.0	0.586	
X47_Ped	34.2	0.586	
Elemental_Endurance	59.4	0.586	
Exposure2	47.0	0.586	
AI_Lokk_Scav1	27.2	0.587	
SpaceGal_CPAL	38.8	0.588	
Aquatoids	15.8	0.588	
LifeForce_FG_202_CPAL	38.0	0.588	
Atlantis	36.4	0.588	
Wpns_1	17.5	0.589	
REVIVE	86.7	0.589	
Gnome_Portrait_CPAL	33.7	0.589	
EP_Ammo_Ped	14.3	0.589	
C_097_CPAL	30.7	0.590	
Planet12_CPAL	34.8	0.590	
X48_Ped	12.2	0.590	
CrimeLord_FG_353_CPAL	28.3	0.590	
Trouble1_CPAL	50.6	0.590	
XX01	43.7	0.591	
ZanderSmallDark	40.4	0.591	
XX51	31.2	0.591	
Relaxing_At_Laptop_CPAL	65.3	0.593	
C_065	74.8	0.593	
H_003	37.4	0.594	
Teh_Gals	41.7	0.594	
EnergyCircuits_FG_361_CPAL	29.1	0.595	
Deep_One_Extra_CPAL	16.0	0.595	
GREEN_MAGOS_CPAL	41.9	0.595	
ChronoGirl_CPAL	51.9	0.595	
Mydra	38.0	0.595	
Lifter3_CPAL	16.6	0.596	
Uber_Farming_2_CPAL	37.8	0.596	
Hueg_Engines	25.4	0.596	
Dope	27.1	0.596	
GnomishAppleponics	46.3	0.596	
Bombs	39.5	0.598	
C_038	26.7	0.598	
Prize_Old_Earth_Appreciator	16.6	0.598	
FIREKILL	40.6	0.600	
Gnome_AI_4_CPAL	30.6	0.601	
Nades_2	18.1	0.602	
Lamia_Poster_CPAL	29.6	0.602	
Steampunkness2	22.2	0.603	
C_162_CPAL	17.4	0.603	
XC_184	42.3	0.603	
BlackDragonSmile_FG_541_CPAL	31.8	0.603	
Captain_RedNoGray	31.3	0.603	
Cthulhu_Temple	28.1	0.604	
Prize_DEagle	10.2	0.605	
C_096_CPAL	43.8	0.605	
C_012_CPAL	31.0	0.605	
C_150	21.6	0.606	
Rin_Gorgon21_CPAL	22.5	0.606	
Sniper_2	35.7	0.607	
Alice_Shrooms	27.7	0.607	
STATGAIN	58.9	0.608	
Hypno	47.3	0.608	
BountyHuntress	41.9	0.608	
Spaceships_10	47.4	0.609	
Gears_CPAL	25.1	0.609	
Emperor1	49.2	0.610	
Book_Keeper	32.3	0.610	
BlackDragon_FG_427_CPAL	27.8	0.610	
Ninja_Champion_T1_Consumed	46.9	0.610	
X65_Ped	64.1	0.611	
Queen_Insidious_2_CPAL	31.2	0.611	
C_088	47.9	0.611	
Cyber_Lessons_CPAL	20.1	0.612	
AIRGAL3	67.4	0.612	
Spaceships_7	47.9	0.612	
Cast_Into_Hell	25.8	0.612	
ShadowLoli_CPAL	19.6	0.612	
Red_Knight_CPAL	30.7	0.612	
RedShield_FG_431_CPAL	28.5	0.612	
Tankgirl	33.9	0.613	
XX04	31.3	0.613	
C_024	55.1	0.613	
zrbite	15.7	0.613	
Termigal_CPAL	35.5	0.613	
Noctis_2	29.8	0.613	
ALPHA	58.8	0.614	
Rin_Caged	18.3	0.614	
Evil_Grass	47.5	0.615	
C_119	43.1	0.615	
SJF	34.2	0.615	
MILF_Officer	18.9	0.615	
RedMage_and_Gudrun_FG_45	26.0	0.616	
ABYSSAL3	51.5	0.617	
Goblin_Zaxx	26.5	0.617	
Attack_Ships	31.7	0.618	
RUNESMITH3	56.7	0.618	
Inferno	46.9	0.618	
SMGS_2	43.2	0.618	
Alien_Abduction_CPAL	29.8	0.621	
DeepOnePed_CPAL	18.8	0.621	
Area_Murrica	41.8	0.622	
X70_Ped	11.1	0.622	
Ninja_Love	28.2	0.622	
Raynerd	30.8	0.623	
Runtsy_Steam	51.3	0.623	
Vampire	30.0	0.623	
Queen_Insidious	27.5	0.624	
PRISS_x1	41.0	0.624	
Homu_Annoyed	36.5	0.626	
SEC_COS_LDR	18.9	0.626	
Passenger	25.1	0.626	
Aurora_Gnome	32.6	0.626	
XX71	41.0	0.626	
Plane_Schematics_CPAL	27.2	0.627	
Cute_Sexy_Killbot	23.8	0.628	
Gun_Truck_CPAL	29.0	0.628	
Hellgate2_CPAL	18.4	0.628	
MSDF_1_CPAL	26.2	0.628	
Booty_SCI	38.0	0.629	
AirDictator_FG_485_CPAL	41.2	0.629	
H_009	67.9	0.630	
Freed	32.2	0.630	
Leia	27.8	0.631	
C_116_CPAL	36.0	0.631	
CyberpunkFlying_CPAL	38.9	0.631	
Captain_RedGray_CPAL	52.3	0.631	
Dream16B_CPAL	40.5	0.631	
Yunny_CPAL	43.4	0.634	
Genetics_Ped	6.6	0.635	
AlienShields	20.9	0.635	
MAGICKILL	42.4	0.635	
Rin_4	40.4	0.637	
Laser_Ammo_Ped	12.9	0.637	
Ninja_War_CPAL	32.3	0.637	
Dream23	39.8	0.637	
AlienFarmingFacility_CPAL	28.3	0.637	
Yig	19.7	0.637	
VIP_23	17.6	0.638	
C_070_CPAL	27.0	0.638	
Captain_GreenNoRed_CPAL	25.6	0.639	
Z_Pod	25.1	0.639	
Missions_A	27.6	0.639	
X58_CPAL	46.8	0.641	
Access_Denied_CPAL	55.0	0.641	
Noblewoman_Seduction	50.0	0.642	
Hot_Fusion_CPAL	60.5	0.643	
C_045_CPAL	42.9	0.643	
sgr_06_CPAL	38.7	0.643	
UNDERFIRE	58.4	0.644	
CRIMSON_MAGOS_CPAL	60.5	0.644	
AAP_024_CPAL	38.7	0.645	
DivineCode_FG_512_CPAL	39.3	0.645	
C_007_CPAL	44.0	0.645	
THORNY	65.6	0.646	
Necrobomber	17.2	0.646	
OgreShotgun_FG_180_CPAL	30.9	0.647	
Chort_CPAL	31.0	0.647	
Spectre_1_CPAL	24.3	0.648	
AuroraSinger_FG_375_CPAL	36.2	0.648	
TECHNOBARBARIAN	50.2	0.648	
Intro_00b_CPAL	34.2	0.648	
XX55	20.0	0.648	
Abusement_CPAL	37.8	0.648	
Tank_Avenger	38.2	0.649	
Destroyer3_CPAL	53.5	0.649	
Mars_Tunnels	23.7	0.649	
Research_Vessel	65.7	0.650	
C_106	28.1	0.650	
Prize_Hand_Mortar	18.3	0.650	
SHADOWQUEST_CPAL	35.5	0.650	
C_145	48.4	0.651	
Rin_Enthroned	31.1	0.651	
Intro_Escape_FG_347_CPAL	33.4	0.651	
X90_Ped	21.9	0.652	
GDX_Tharj_CPAL	18.0	0.652	
XX82_CPAL	31.7	0.652	
atomic_rockets_CPAL	78.7	0.652	
IDIOT	43.2	0.652	
MAG_Ammo_Ped	20.1	0.652	
VeteranOfPsychicWars_CPAL	27.4	0.653	
C_066	18.1	0.653	
Prize_City_Pass	39.5	0.654	
Captain_GreenNoGold_CPAL	30.2	0.654	
X68_Ped	37.9	0.656	
Fire_Magic2	50.6	0.656	
Spanking	20.4	0.656	
Beastmen_Taming_CPAL	18.1	0.657	
Gnome_Dungeon_Tour_CPAL	47.5	0.657	
C_016_CPAL	46.2	0.657	
C_026_CPAL	18.3	0.658	
ARMS	43.0	0.659	
Optronic_Computing	2.6	0.660	
Gnome_5_CPAL	22.7	0.660	
C_020_CPAL	48.8	0.660	
ZOMBI_REZ	57.9	0.660	
Death_Pile	42.5	0.660	
Catgirl_Mercenary	15.9	0.661	
Contact_Eurosyndicate	23.2	0.661	
PROUD_WARRIOR2	51.1	0.661	
Pentagram	17.5	0.661	
C_105	22.3	0.661	
Doomgal_P30_CPAL	29.5	0.661	
HybridControllers_CPAL	20.2	0.662	
C_130	27.5	0.662	
C_054	23.1	0.662	
Technocracy	19.0	0.662	
Hovertanks_CPAL	39.3	0.663	
C_027_CPAL	37.1	0.663	
Pods_CS1_CPAL	25.9	0.663	
H_008	24.2	0.663	
Robot_Attack	21.7	0.663	
Rena_1	25.0	0.664	
Captain_NoGreen	60.3	0.664	
VIP_Xenologist_CPAL	22.0	0.664	
SakuraZilla	45.9	0.665	
XX39_CPAL	50.6	0.665	
GnomeSuitCross_FG_373_CPAL	35.4	0.665	
Jillsville	37.5	0.666	
Subspace	28.1	0.666	
Runt_S252_CPAL	19.2	0.667	
C_072_CPAL	30.6	0.667	
Cyberpilot1	45.1	0.667	
Biker	35.0	0.667	
Catwarrior2	17.8	0.667	
Slime_Girl	16.5	0.668	
WayOfDeath_CPAL	25.6	0.668	
VIP_4	15.5	0.668	
X98_Ped	29.9	0.668	
Cemetery_FG_248_CPAL	20.3	0.669	
Jacketman_CPAL	36.0	0.669	
C_081_CPAL	23.8	0.670	
Captain_GrayGreen	55.1	0.670	
C_095	46.0	0.670	
ThermalVision_FG_354_CPAL	26.7	0.670	
BloomLady_IntroA_FG_361_CPAL	25.5	0.671	
Academy_Recruitment	44.9	0.671	
C_199	27.7	0.671	
C_061_CPAL	26.3	0.671	
Conqueror_CPAL	25.1	0.672	
MunShips_FG_103_CPAL	34.2	0.672	
PRISS_CPAL	25.3	0.672	
SYN_ADV_1	50.0	0.672	
X35_Ped	28.3	0.672	
X85_Ped	31.6	0.673	
RedMage_FG_Theban3_CPAL	21.7	0.673	
SUCCUBUS	62.1	0.673	
Queen_Gold_2b	54.1	0.673	
Guildmaster_Fanart_CPAL	26.6	0.674	
Dragon_Galley	66.8	0.674	
X49_Ped	16.5	0.675	
Missions_C	28.7	0.676	
XX35	19.9	0.676	
Interrogz_CPAL	17.7	0.676	
Systems_3	42.4	0.676	
Catgirl_Lewd	25.7	0.677	
xcomagents	26.0	0.677	
RadarRunt_3_CPAL	18.7	0.677	
C_121	35.6	0.677	
CA_11_CPAL	37.8	0.677	
X38_Ped	25.8	0.677	
C_037	43.5	0.678	
BlackDragon_FG_359_CPAL	25.1	0.678	
Prize_Aircar_Race_CPAL	38.2	0.678	
Night_Creatures	25.4	0.678	
ORANGE_MAGOS_CPAL	47.6	0.678	
C_056_CPAL	37.1	0.678	
C_099	33.6	0.679	
Muscle_Witch	40.0	0.679	
GudrunFacility_FG_154_CPAL	47.6	0.680	
Intro1_FG_Orky_CPAL	48.9	0.680	
C_005	22.8	0.681	
Pirate_C32_CPAL	29.1	0.681	
ShipEquips_FC_233_CPAL	31.4	0.681	
C_069	30.1	0.681	
Ninja_Champion	38.1	0.681	
MIA	21.6	0.681	
Moonbathing	51.8	0.681	
XX147	28.3	0.682	
Chryssie_2	25.8	0.683	
SchoolGraduation_FG_151_CPAL	56.0	0.683	
LUKA_GUNS_CPAL	52.7	0.683	
Syn_Armor_CPAL	16.5	0.683	
Dream10	65.0	0.683	
C_120_CPAL	45.0	0.683	
Captain_Doublegray_CPAL	14.4	0.683	
Struggle	36.4	0.684	
Snow_White_CPAL	50.3	0.684	
Cyber_Towers_CPAL	56.6	0.684	
CAPTAINS_11_CPAL	33.1	0.684	
Stalker1	13.3	0.684	
Sadako	11.5	0.685	
BUCCANEER	40.1	0.685	
BattleBeyond	47.7	0.685	
Zombie_Soldier_CPAL	16.1	0.685	
Rin_Queen_of_Hearts	38.7	0.685	
Gudrun_Vampire	51.1	0.685	
C_047	43.9	0.685	
BABEL	46.3	0.685	
BFM_CPAL	19.5	0.686	
Experiments_22	15.5	0.686	
Sakurabus_Ped	51.6	0.686	
BOMBER	48.7	0.686	
Weebcam	33.3	0.687	
Magnetic_Fields	33.4	0.687	
Boxxed	20.0	0.687	
C_089	66.4	0.687	
Cat_Clone_Tech_CPAL	27.0	0.688	
Journey	33.7	0.688	
NekomimiGunship_CPAL	36.7	0.688	
Cerebrala	57.7	0.689	
Deep_One_Love_CPAL	16.9	0.689	
Airplane_AI2_CPAL	35.6	0.690	
DoomChan2_CPAL	19.2	0.690	
Megabrute	20.5	0.690	
Dreamwave_CPAL	32.7	0.691	
Carol	32.2	0.692	
C_127	46.8	0.692	
Rin_18	11.6	0.693	
Pirate_Z1	15.4	0.693	
H_007	46.2	0.693	
C_117	28.1	0.694	
Prize_Dragon_2	16.3	0.694	
EVA_2	28.2	0.694	
Gnome_Clock2_CPAL	19.3	0.694	
WEIRDSEEKER	44.0	0.694	
WEAPON_PROFICIENCY	32.0	0.695	
SEC_SCI_MED	59.3	0.695	
SlimeInfestation_FG_70A_CPAL	39.1	0.695	
C_101_CPAL	55.5	0.695	
Nekomimi_Warlord	18.8	0.695	
RET_FUN_2	32.4	0.695	
VIP_6	39.0	0.696	
VIP_8	25.2	0.696	
Gudrun_X2_CPAL	9.5	0.696	
UNMAKER2_CPAL	34.2	0.696	
Big_Gun_Shop	29.6	0.696	
FluxAI_GoldenPrince_CPAL	39.5	0.697	
X99_Ped	26.6	0.697	
Industrial_CPAL	27.3	0.697	
Demonic_Rituals_3_CPAL	21.7	0.698	
Sleeping_Beauty	86.1	0.698	
GDX_Strip_Search_CPAL	30.5	0.698	
GDX_87	31.0	0.699	
Factory	56.9	0.699	
C_091	22.1	0.699	
Skullface_FG_871_CPAL	30.6	0.699	
Bat_x_Super	36.2	0.699	
AuroraBig11_CPAL	40.6	0.699	
Nekomimi_Mrsshan	14.7	0.699	
Nekomimi_Trading	22.2	0.700	
Prize_Loans	12.4	0.700	
VIP_15	21.0	0.700	
Robo_Spiders	34.9	0.700	
BlackDragon_FG_356_CPAL	12.0	0.700	
DEATHSCENE_1_CPAL	30.8	0.700	
MadGnome_FG_33_CPAL	26.3	0.700	
Rin_8	36.9	0.700	
Meeting_Cleo	35.3	0.701	
C_046_CPAL	25.3	0.701	
GDX_Tron2	19.7	0.701	
MULTIPLEHITS	36.6	0.702	
CA_Harvester	43.3	0.703	
Space_Meditation	44.3	0.703	
Aurora_Apparition_CPAL	10.8	0.703	
Prize_Mil_Supplies	21.6	0.703	
Synth_X4	25.3	0.703	
Brainer_6	22.5	0.704	
Attack_Ships_On_Fire	23.3	0.704	
ReconCompleted_FG_416_CPAL	31.0	0.704	
Redforge_CPAL	14.1	0.704	
Ninja_Sexy_11	30.0	0.705	
SIMPLETON	50.1	0.705	
Auqa_Ammo_Ped	15.1	0.705	
Ratmen_N_Damsel	43.5	0.705	
Vault_People	31.8	0.706	
Commando2_CPAL	34.5	0.706	
Captain_GoldGreen_CPAL	45.5	0.706	
VOIDKILL	59.7	0.707	
Prize_Small_Shotgun	14.7	0.707	
Robot_Army_Rising_CPAL	39.9	0.707	
C_111	25.4	0.707	
C_034	44.8	0.707	
POISONKILL	34.2	0.708	
Tractor_Beams_CPAL	31.9	0.708	
WildGnome_Marza1_CPAL	19.9	0.708	
Fundamentals_CPAL	38.3	0.708	
Queen_Green_CPAL	36.1	0.708	
Prize_Naval_Gun_2	92.2	0.709	
CA_9	29.9	0.709	
Body_Mind_Soul	21.9	0.709	
Rin_21	24.2	0.709	
Cyber_Lockpick_CPAL	42.3	0.709	
Gudrun_Seductive_CPAL	26.9	0.709	
X52_Ped_CPAL	24.0	0.711	
AI_Lokk_Scav2	26.1	0.711	
C_131_CPAL	26.0	0.712	
Dark_Chamber	26.0	0.712	
REACTIONFIRE	32.9	0.713	
Lola_Pinup_1	32.6	0.713	
Mars_Canyons	26.3	0.714	
Ice_Damsel	37.9	0.714	
Thermal	44.5	0.715	
Magic_Pond	33.1	0.715	
RPS_Ped	29.3	0.715	
CodexRed_FG_455_CPAL	19.8	0.715	
Mechtoid_Friendship_2	19.3	0.715	
ExploringTunnels_FG_345	23.0	0.716	
Sacrificial	12.4	0.716	
Satyr	45.6	0.716	
CA_Airtruck	29.4	0.717	
NEKO_WARRIOR	38.5	0.717	
MONSTER	44.0	0.717	
SynthMuscle_FG_408_CPAL	28.5	0.717	
Defenders_Of_Humanity	28.8	0.717	
BackToSchool_FG_142_CPAL	31.0	0.718	
Catgirl_Victim	23.0	0.718	
C_023_CPAL	15.7	0.718	
Quad_Gal	30.7	0.718	
USO	27.9	0.719	
Gnome_Pod_CPAL	14.3	0.719	
Nocturna_FG_554_CPAL	32.7	0.719	
Hybrid_Agent_CPAL	12.6	0.719	
Ages	39.6	0.720	
Diner_CPAL	36.4	0.720	
Mikasa_2	39.8	0.720	
Hovertank_Chassis_CPAL	30.6	0.721	
RedMage_Frustrated_FG_242_CPAL	21.2	0.721	
Captain_GreenExt_CPAL	25.0	0.721	
Death_Realm_2	17.7	0.721	
SEC_TRD_LDR	23.7	0.721	
X51_Ped	22.0	0.721	
Prize_Black_Adder	45.6	0.722	
X76_Ped	24.5	0.722	
Rin_14	25.3	0.722	
Pistols_3	19.0	0.722	
Catgirl_Pirates	11.8	0.723	
XX66_CPAL	27.6	0.724	
H_005	37.2	0.724	
Prize_Supercharger	20.1	0.724	
PSYCHOKILL	42.1	0.725	
X36_Ped	30.0	0.725	
Dream6_CPAL	23.6	0.726	
AAP_027_CPAL	32.7	0.726	
Shadow_Comms1	23.3	0.727	
Golden_Guns4_CPAL	31.6	0.727	
BlackDragon_FG_408_CPAL	10.8	0.727	
PERSONAL	54.2	0.727	
Stairway	58.0	0.727	
C_041_CPAL	13.1	0.727	
Egypt_Ancient	31.4	0.727	
AIRVAN	22.7	0.728	
Treasure_Box_New_CPAL	40.4	0.728	
Gnome_16B	32.2	0.728	
C_079_CPAL	34.6	0.728	
Suplex	16.9	0.729	
Clown_Party	29.1	0.729	
Strange_Goddess	48.5	0.729	
C_029_CPAL	22.8	0.730	
C_132	17.5	0.730	
Mami_1	24.2	0.730	
Cleopatra_Choice_FG_45_CPAL	42.3	0.730	
Witch_36_CPAL	33.4	0.731	
Gudrun_X5_CPAL	19.9	0.731	
ArmoredCar_FG_101_CPAL	35.4	0.731	
Dancer2_CPAL	17.2	0.731	
Pirate_Sunny_CPAL	13.8	0.732	
Brainer_Work01	81.8	0.732	
X55_Ped	39.0	0.733	
Prize_Holosuit	28.0	0.734	
Homm_1	55.5	0.734	
SPECIALSTUN	30.0	0.735	
Aurora_TeaParty2_CPAL	24.7	0.735	
C_103_CPAL	29.6	0.735	
Brainer_Ritsuko	16.5	0.735	
Cybogal_CPAL	30.1	0.735	
Personal_Shields_3	40.4	0.735	
Reporter_CPAL	25.2	0.735	
Persuasion_FG_241_CPAL	36.6	0.736	
Golden_Witch_Big3_CPAL	26.2	0.736	
C_084_CPAL	19.8	0.736	
The_Silence	26.7	0.736	
RedMageMovesIn_FG_221_CPAL	21.8	0.736	
X_Challenge_CPAL	28.2	0.736	
C_031_CPAL	15.4	0.736	
Harlequin_CPAL	30.5	0.737	
Cyber_Warrior2_CPAL	24.5	0.737	
Control_Panel	28.8	0.737	
Captain_GoldExt_CPAL	36.8	0.737	
Cyberdoll_CPAL	27.2	0.739	
Space_City	27.8	0.739	
WH210_CPAL	12.7	0.739	
RitsukoInerrogN25_CPAL	46.3	0.739	
C_159_CPAL	54.4	0.740	
C_151	32.6	0.740	
Devil_2	20.1	0.740	
Runtsy_076	31.5	0.740	
BEAUTYFORMULA	56.6	0.741	
Zombie_Zombiegal	20.3	0.741	
H_014	42.7	0.741	
Ninja_Champion_T1	33.3	0.741	
WayOfBeast_CPAL	10.8	0.741	
SEC_MRC_ENG	29.7	0.741	
AAP_005_CPAL	27.8	0.742	
Shadowbat_Ped	24.6	0.742	
Space_Pirate_CPAL	34.1	0.742	
X63_CPAL	31.0	0.742	
Prize_Jack	8.6	0.743	
Gnome_Bait2_CPAL	12.0	0.743	
C_138_CPAL	36.9	0.743	
SAVEDALL	34.0	0.743	
Necroplane_CPAL	33.4	0.743	
XC_095_CPAL	19.5	0.743	
DeathMogul_FG_301_CPAL	28.1	0.744	
C_094	24.0	0.744	
Thebes2	23.8	0.744	
C_073_CPAL	31.0	0.745	
C_033_CPAL	36.1	0.745	
X89_Ped_CPAL	27.4	0.745	
Ilya_Armored	24.6	0.746	
BefriendingSlime_FG_120_CPAL	27.5	0.746	
Relax_CPAL	25.9	0.746	
Moloch_CPAL	25.8	0.746	
Siren_X	18.4	0.746	
Captaine_Gray_CPAL	23.7	0.746	
Flintlocks_Ped_CPAL	12.7	0.746	
Crusader2	14.7	0.747	
Brain_Machine_CPAL	28.2	0.747	
Black_And_White_Lady_CPAL	34.6	0.747	
Feudalism_New_CPAL	15.9	0.747	
Ogress_Defeated	28.9	0.748	
Rin_20	24.9	0.749	
Profits	22.3	0.750	
Prize_Plasma_Blades	16.2	0.750	
Pirate_X1_CPAL	21.1	0.750	
RedMage_Pool_FG_234_CPAL	29.5	0.750	
Area_South	27.2	0.751	
X42_Ped_CPAL	13.9	0.751	
SHELLSHOCKED	34.3	0.751	
Captain_GrayNoRed_CPAL	21.3	0.751	
Vampire_Knight	21.9	0.751	
X-Wing_CPAL	20.7	0.752	
HigherStudies_FG_166_CPAL	36.6	0.752	
Dazzling_Harem	32.3	0.752	
Chton1	27.6	0.752	
PiratePartying_CPAL	39.8	0.753	
C_144	26.1	0.753	
Girl_Guide_FG_511_CPAL	18.8	0.753	
WayOfMissedStrike_CPAL	34.5	0.753	
Empress1_CPAL	26.9	0.753	
MELEEKILL	24.3	0.754	
C_083	14.5	0.754	
Glowing_Pyramid	32.9	0.754	
Delorean	44.9	0.755	
SSGL_Ped	2.7	0.755	
SilencedPistol_FG_99B_CPAL	44.1	0.756	
RedMage_FG_Bikini1_CPAL	21.6	0.756	
Fatsub_Ped	30.9	0.756	
H_019_CPAL	14.4	0.757	
C_153_CPAL	35.3	0.757	
Cybercity	36.9	0.757	
Synth_X3	16.0	0.757	
WarPlanet_CPAL	33.8	0.757	
Red_Death	31.5	0.757	
Gnome435_CPAL	30.7	0.757	
Gudrun_Pool2_CPAL	11.1	0.758	
C_050	39.2	0.758	
HypnoPannel_FG_120_CPAL	26.8	0.758	
Biologist_CPAL	16.9	0.758	
C_129	46.9	0.759	
Raider_Camp	33.0	0.760	
Classic_Fleet_CPAL	27.6	0.760	
NEKO_BODYBUILDER	21.3	0.760	
Mastermind_FG_493_CPAL	20.1	0.761	
Pumas	32.8	0.761	
Gnome_Bunny_Armor_CPAL	25.2	0.762	
Space_Pirate3	13.5	0.763	
MUSCLE_MAGOS_CPAL	26.0	0.763	
Three_Sisters	25.4	0.763	
SpaceAssault	36.1	0.763	
Machine_Mistress_CPAL	19.1	0.763	
Power_Surge	22.3	0.763	
X17_Ped	17.3	0.764	
Gudrun_Scared_CPAL	26.2	0.764	
Nocturna_Temptata	20.8	0.764	
GDX_Blood1	25.4	0.766	
Gudrun_Veil1_CPAL	16.2	0.766	
Neophyte_Camp_CPAL	14.7	0.767	
ASSAULTER	18.9	0.767	
HIVER_CPAL	37.6	0.767	
Zombie_Child	35.5	0.767	
Ghoul_Girl	15.8	0.767	
Captain_NoGray_CPAL	29.3	0.767	
Hypno2	27.4	0.767	
Zombie_Dreams_2	23.3	0.768	
Cult_Of_Apocalypse	11.4	0.768	
RevolutionaryGirl_FG_516_CPAL	18.3	0.768	
RedMage_FG_Pool1_CPAL	21.3	0.768	
DesertIntro_FG_375_CPAL	42.6	0.768	
CryptRabbit_CPAL	24.8	0.768	
HIGHNOON	43.8	0.769	
X62_Ped	27.1	0.769	
Airforce_Buff_Gal_CPAL	17.0	0.769	
X24_CPAL	12.5	0.769	
MedExam_CPAL	17.6	0.769	
Sewers	24.1	0.769	
C_008_CPAL	15.5	0.770	
Prize_Autocannons	35.7	0.770	
Ret_Bandito	27.0	0.770	
Stardreams	20.3	0.770	
Reyi_001_CPAL	20.5	0.770	
Knights_Of_Cydonia_OldEarth	32.4	0.770	
Cleo_Cosmic	20.0	0.770	
SLAVEKILLS	24.7	0.770	
Captain_Doublered_CPAL	33.3	0.771	
C_036_CPAL	14.3	0.771	
Hellgate	36.7	0.771	
X53_Ped	24.0	0.771	
Autofire_CPAL	25.2	0.772	
StarGods1B_CPAL	25.9	0.772	
RedMage_Succubus_FG_266_CPAL	17.4	0.772	
Emperor2_CPAL	15.4	0.772	
Nuclear	33.7	0.772	
DisruptorMysticism_FG_374_CPAL	12.2	0.772	
Deep_Ones	29.5	0.772	
C_161	36.9	0.772	
Medical_T1	34.2	0.773	
HEROIC	34.9	0.773	
Prize_Harpoon_Carbine	24.7	0.774	
Jungles_of_Magic_CPAL	37.0	0.774	
NightWitch_FG_37_CPAL	16.5	0.774	
Zombie_School	41.8	0.774	
Jill	29.0	0.774	
war_room_CPAL	18.3	0.774	
X25_Ped	23.6	0.774	
Chaos_Saint_CPAL	13.7	0.774	
Captaine_Red_CPAL	17.0	0.774	
CRIMSON_HEART	47.5	0.774	
MutantFreak_FG_412_CPAL	13.6	0.775	
Shadowrealms_B1_CPAL	32.6	0.775	
Alien_Shore	39.4	0.775	
AI_Ret_Hive_1_CPAL	36.8	0.776	
Alien_Queen	14.9	0.776	
Prize_Ward	16.2	0.776	
Halls_Of_Fear	22.6	0.776	
Wanderer	11.6	0.776	
Hoverbike	43.5	0.776	
Godslayer	28.1	0.777	
ChemicAI1_CPAL	20.7	0.777	
WOMANOFCULTURE	38.7	0.777	
Enslaved	17.1	0.777	
The_Pit	31.3	0.777	
CHARMY_DANCER	41.8	0.778	
Gudrun_Harto2_CPAL	21.2	0.778	
Powerups_Marza3_CPAL	26.1	0.778	
Spaceships_9	24.5	0.778	
Gal	19.0	0.778	
GudrunDuel5FG_CPAL	19.2	0.779	
GunAssembly_FG_132_CPAL	30.6	0.779	
Demon_Ninja	14.9	0.779	
Space_Invader	66.2	0.779	
Ninja_Champion_T1_Enslaved	33.2	0.779	
Gudrun_Pinup_CPAL	26.0	0.779	
Elevator_To_Hell_CPAL	14.5	0.780	
Ancient_Civs_CPAL	28.0	0.780	
C_156	31.2	0.781	
WhiteWormPed	31.9	0.781	
ELECTROKILL	46.5	0.782	
SLASHER_CPAL	27.4	0.782	
VirtualCore	27.1	0.783	
RedMage_FG_Bondage2_CPAL	43.9	0.783	
Captain_GrayGold_CPAL	28.0	0.783	
GDX_Vampy_342_CPAL	18.9	0.783	
GudrunPrisoner24_cut_CPAL	14.4	0.783	
PlastaSteel_FG_416_CPAL	24.5	0.784	
Knights_Of_Cydonia_4	66.4	0.784	
BloomLady_IntroA_FG_356_CPAL	24.9	0.785	
AAP_002	32.6	0.785	
FighterJetHangar_FG_83_CPAL	22.5	0.785	
MISSION_KILLS_23	31.5	0.786	
WayOfShadow_CPAL	31.3	0.786	
Aurora_Sad_FG_702_CPAL	22.2	0.787	
C_035_CPAL	40.5	0.788	
ShadeSummoning_FG_101_CPAL	33.5	0.788	
NEON_MAGOS_CPAL	23.2	0.789	
Planet_66	37.8	0.789	
Jack	24.0	0.789	
C_133_CPAL	44.4	0.790	
Spacebar4_CPAL	24.7	0.790	
AI_CrashSite_11_CPAL	23.8	0.790	
LootDistribution_FG_133_CPAL	23.9	0.790	
Golden_Lady_AI_CPAL	22.3	0.791	
CouncilAppears	29.6	0.791	
Canny_Ritual	18.7	0.792	
CleoStatue_CPAL	17.6	0.792	
Aurora_Dancing_FG_334_CPAL	24.9	0.792	
Gudrun_Rnd3_CPAL	22.6	0.792	
GDX006_4_CPAL	23.6	0.792	
FUSION	45.2	0.793	
Captain_NoGold_CPAL	10.1	0.793	
RedMage_Sarcophagus_FG_83_CPAL	34.6	0.793	
Queen_Of_Shadows_CPAL	32.3	0.793	
Ninja_Cloning	35.8	0.793	
Skyranger_Remake	42.7	0.794	
Tentacle_Torture_CPAL	22.7	0.794	
SPY_AWARD	44.5	0.794	
Vampire_2	24.2	0.794	
Aurora_Prisoner3_CPAL	35.2	0.794	
MONSTER_HUNTER	26.6	0.794	
X44_Ped_CPAL	17.4	0.795	
Magic_Shop	13.7	0.795	
Glittergirls_CPAL	34.7	0.795	
PURPLE_HEART	30.7	0.795	
Ghoul_Experiments	16.6	0.795	
Vampire_4	13.6	0.795	
Trump_Card_CPAL	20.4	0.796	
Temple_of_the_Deep	20.8	0.796	
Area_Europe	58.5	0.796	
RedMage_Spa_FG_227_CPAL	30.0	0.796	
Soldier1	74.0	0.797	
FireWitch_FG_64_CPAL	17.2	0.797	
Missions_B	14.7	0.797	
M_HULL	69.8	0.797	
Gudrun_X_CPAL	16.5	0.797	
C_124_CPAL	17.0	0.797	
Hitman	15.4	0.797	
Monster_Hunt	27.5	0.797	
XC_155	33.3	0.798	
NaziBase2	31.5	0.798	
Intro_00	22.1	0.799	
Ex_Victim_2_CPAL	15.5	0.799	
DOTS	37.6	0.799	
C_102	19.7	0.800	
H_001_CPAL	37.5	0.800	
MAGES_CPAL	35.2	0.800	
WayOfClaw_CPAL	32.0	0.801	
Pharmacist_FG_338_CPAL	28.8	0.801	
CA_Airbus_G_CPAL	42.7	0.801	
Hellerian_2x	17.5	0.801	
XX41_CPAL	28.3	0.801	
Airforce	23.8	0.801	
Cannoneer2_CPAL	28.4	0.802	
Dark_Chamber_2	26.7	0.802	
C_093_CPAL	27.5	0.802	
usfacility	29.7	0.803	
Intro_GudrunLessons_CPAL	49.5	0.803	
Poltergeist_FG_412_CPAL	22.6	0.804	
CARREER_SCORE	16.5	0.805	
Gudrun_ResearchMethods_Grok_72_CPAL	35.4	0.805	
NEKO_ACE	28.9	0.805	
Intro_06_CPAL	21.5	0.805	
Sarah_Palin	25.3	0.805	
DarkStar_FG_154_CPAL	29.0	0.805	
LOGICAL	38.1	0.805	
C_155	40.0	0.805	
MASOCHIST	40.2	0.806	
XX19_CPAL	24.2	0.806	
CA_JET2	33.3	0.806	
C_062_CPAL	20.1	0.806	
Tunnel_C1	26.1	0.806	
Queen_Warrior	14.8	0.806	
Planet04	31.6	0.806	
IMMORTAL	30.5	0.807	
C_104	32.8	0.807	
Golden_Apple_CPAL	35.1	0.807	
Pharmacology_CPAL	41.5	0.808	
XX42	36.8	0.808	
Krazy_Hanna	21.9	0.808	
Storage_CPAL	13.0	0.808	
NEKO_HERBALIST	34.1	0.808	
Angel_CPAL	14.6	0.808	
Interface_X1_CPAL	30.3	0.808	
Alien_Terror	15.8	0.808	
C_163_CPAL	27.0	0.808	
BlackDragon_Caged_FG_716_CPAL	23.1	0.809	
Squire	20.8	0.809	
EquipmentList_FG_134_CPAL	18.4	0.809	
Minecraft_19_CPAL	18.5	0.809	
DrillQuestion_FG_123_CPAL	27.3	0.809	
C_009_CPAL	27.9	0.809	
Nekomimi_Speaker	16.1	0.810	
LONGEVITY	38.8	0.810	
CA_Faust	31.3	0.810	
C_078_CPAL	23.0	0.811	
Akimbo_Lady	20.3	0.811	
Interface_X2	28.2	0.811	
PrisonCafe_FG_587_CPAL	22.2	0.811	
C_077	24.6	0.812	
Eris	9.6	0.812	
AI_WinoDino04_CPAL	32.1	0.812	
Trade	24.7	0.812	
Witch_47	10.0	0.812	
MagnumPrize_FG_99_CPAL	29.7	0.812	
Metropolis_CPAL	29.7	0.812	
Saya_16_CPAL	23.5	0.813	
Blue_Witch_AI1_CPAL	19.8	0.813	
Booty_RET	8.0	0.813	
Exotic_Places	21.0	0.814	
HELI	29.1	0.814	
X23_Ped_CPAL	12.1	0.814	
NIGHTSTALKER_CPAL	28.7	0.814	
MioFantasy_PC_43_CPAL	27.5	0.814	
Gnome_28	23.0	0.815	
Prize_Martial_Arts	15.9	0.815	
Cowgirl_CPAL	19.5	0.816	
Captain_Doublegreen_CPAL	16.7	0.816	
C_043_CPAL	14.6	0.816	
C_058_CPAL	30.5	0.816	
Girl_Snake_CPAL	14.2	0.816	
ShadowrealmsVision_FG_82_CPAL	23.2	0.816	
Orbital_Cannon	33.5	0.817	
MiningExtreme_FG_386_CPAL	16.5	0.817	
Kitsune	37.3	0.818	
X97_Ped	19.9	0.818	
BlimpPed	24.6	0.818	
WastelandPriestess_FG_176	36.5	0.818	
Medical_Production_8_CPAL	36.5	0.818	
German_Lessons	33.0	0.818	
BATTLEMAGE	33.2	0.819	
PURITY	32.1	0.819	
H_010	36.8	0.819	
C_019_CPAL	35.0	0.819	
SADIST	30.4	0.820	
WalkThePlank_Grok_83_CPAL	22.9	0.820	
Bike_4	32.6	0.820	
GDX_FG_Cauldron_CPAL	27.4	0.820	
SUN_KNIGHT	40.1	0.820	
Ethereal_Female	17.9	0.821	
Gudrun_Lewd_N2	32.0	0.821	
NIGHTOPS	25.7	0.821	
SAMURAI	22.0	0.821	
Cat_War_Poster	22.0	0.821	
AIRSPEEDER	37.1	0.822	
C_044_CPAL	22.2	0.822	
Ogre_Worker	17.7	0.822	
Powergal	34.3	0.823	
Campus_69_CPAL	27.0	0.823	
C_157_CPAL	33.7	0.823	
Aurora_Cosplay1_CPAL	21.3	0.823	
SoulSense_FG_344_CPAL	31.7	0.823	
Illya_Furs_5_CPAL	21.2	0.824	
GDX_Sci_CPAL	14.1	0.824	
Greencopter_CPAL	16.7	0.825	
C_082	33.9	0.825	
Ninja_Sexy3	20.8	0.825	
Moon_Mistress	37.8	0.825	
SensoSphere_FG_183_CPAL	29.2	0.825	
CAMPAIGN_RIBBON	32.5	0.826	
DeepOneDestroyer_FG_44_CPAL	28.4	0.826	
Precision_FG_424_CPAL	30.7	0.827	
OwlGirl_FG_421_CPAL	15.5	0.827	
Crusades	25.6	0.827	
Alchemy_CPAL	8.1	0.828	
Gnome_Firestarter_CPAL	29.4	0.828	
UNCONSCIOUS	46.0	0.828	
GnomeLair_FG_478_CPAL	16.5	0.829	
C_018_CPAL	20.3	0.829	
Julie_111_CPAL	20.2	0.829	
Intro2_FG_1_CPAL	28.2	0.830	
Arcane_Weaponry_CPAL	13.0	0.830	
Astronaughty_CPAL	28.0	0.830	
Prize_Durathread_CPAL	24.3	0.830	
Nastassia_Grok_49_CPAL	9.7	0.830	
Light_Dark	21.4	0.831	
Gold 21_CPAL	21.6	0.831	
Durathread_FG_602_CPAL	12.2	0.831	
Castaway_CPAL	19.6	0.832	
Little_Bird	26.0	0.832	
PARIAH	42.6	0.832	
GudrunAbyss_CPAL	29.2	0.832	
Big_Guns_P1_CPAL	23.7	0.832	
AAP_004_CPAL	16.5	0.833	
LoadingBay_FG_71_CPAL	25.9	0.833	
AuroraHatter113_CPAL	29.1	0.834	
BETRAYER	13.8	0.834	
VSnake_Pedia	21.7	0.834	
xcomorigins	33.5	0.834	
Gambling_FG_704_CPAL	24.6	0.834	
C_087_CPAL	28.9	0.835	
Durathread_FG_407_CPAL	14.3	0.835	
REVOLOTIONARY13_CPAL	17.5	0.835	
Phlegethon	17.7	0.835	
SMGKILL_CPAL	21.5	0.835	
BloomLady_FG_419_CPAL	22.3	0.836	
Sivalinga_Ritual_19_CPAL	28.1	0.836	
Apostate	15.6	0.837	
Another_Mask_CPAL	9.2	0.837	
InsideBase_FG_339_CPAL	18.9	0.837	
GudrunOnTheMountain_FG_101Cut_CPAL	16.8	0.837	
Missions_D	25.5	0.837	
C_022_CPAL	17.1	0.838	
StasisPods_FG_46_CPAL	29.6	0.838	
Intro_00Splash	17.1	0.838	
Nun_Lenin_CPAL	17.6	0.838	
LordCrossroads_FG_731B_CPAL	20.7	0.839	
Peasants_New	41.0	0.839	
Captain_RedGray_Only_CPAL	14.3	0.839	
C_060_CPAL	16.9	0.839	
GUNNER	18.5	0.839	
Red_Sun_Dreams_CPAL	22.8	0.840	
AirFiltration_FG_178_CPAL	21.1	0.840	
Crashland_CPAL	23.0	0.840	
Pir_Bizley1_CPAL	14.3	0.840	
Pirate_X17_CPAL	22.4	0.841	
WayOfPain_CPAL	15.1	0.841	
miura_0100_CPAL	31.7	0.841	
JOKER	46.9	0.841	
C_107	23.8	0.841	
Cigar_Gal_CPAL	20.0	0.841	
C_032_CPAL	16.1	0.841	
GDX_Inventions2_CPAL	17.3	0.841	
UnderseaTower200_CPAL	14.8	0.842	
WarriorGal_FG_512_CPAL	36.5	0.842	
XC_117	13.6	0.842	
Gnome_6_CPAL	9.4	0.842	
Hotkeys	13.2	0.843	
BANDITCATCHER	37.6	0.843	
C_136_CPAL	27.1	0.843	
SABRE	32.8	0.844	
Gadgeteer_CPAL	19.8	0.844	
Witch_39_CPAL	16.8	0.844	
Cadillac_El_Dorado	26.3	0.844	
BLITZGAL	31.7	0.844	
7V7KILL	29.4	0.844	
VAULT	21.8	0.844	
C_052_CPAL	27.7	0.844	
Ninja_Pinup_01	21.6	0.844	
Dominance_CPAL	29.2	0.844	
MutantFreak_FG_413_CPAL	10.2	0.844	
SheDevilShrine_CPAL	17.2	0.845	
MCSP_CPAL	32.1	0.846	
Booty_HUM	19.0	0.846	
Ex_Victim	15.7	0.846	
C_071_CPAL	12.0	0.846	
Dreamlands_Blx1	29.2	0.846	
Antarctica_Jungles_CPAL	25.4	0.847	
Captain_GrayGreenOnly_CPAL	18.0	0.847	
Bane2	13.4	0.848	
Witch_60_CPAL	23.7	0.848	
Jetbike_Delivery_CPAL	42.2	0.848	
Rage	19.1	0.848	
NEKO_HONORED	22.3	0.848	
DESTRUCTOR	23.1	0.848	
Blackmarch_CPAL	10.9	0.849	
Poisons_FG_208_CPAL	20.9	0.849	
C_074_CPAL	14.6	0.849	
GudrunShadowrealmsExperience_FG_103_CPAL	10.3	0.849	
FIREARMS11_CPAL	16.0	0.850	
FRIENDLYFIRE_CPAL	24.4	0.850	
Mami_11	17.2	0.850	
RedMage_Piano_FG_83_CPAL	24.7	0.850	
Hunterkillers	16.5	0.850	
Gudrun_Honeymoon_FG_222_CPAL	26.7	0.850	
Mansions_Invasions_New_CPAL	21.5	0.851	
DeathWitch_FG_34_CPAL	19.4	0.852	
ReticulanVats_FG_250_CPAL	19.0	0.852	
GudrunDuel2FG_CPAL	27.6	0.853	
HelleriumCharm_Marza1_CPAL	23.4	0.853	
Shadow_Gate_M_CPAL	19.3	0.853	
Ogress2	13.1	0.853	
DayWitch_FG_36_CPAL	14.9	0.854	
Damaged	20.2	0.854	
C_146_CPAL	20.0	0.854	
Prize_Bank	26.9	0.854	
ShadowPlanet	14.5	0.854	
Temple_Door	29.1	0.854	
Menace-3	22.9	0.855	
Rain_Girl_CPAL	14.3	0.855	
Captain_GoldNoGray_CPAL	26.8	0.856	
MedicalStuff_FG_450_CPAL	20.5	0.856	
CARREER_CAPTURES_CPAL	26.4	0.856	
Lokk_Naar_Mercenary	15.1	0.856	
Gambling_CPAL	24.6	0.856	
Cloning_FG_754_CPAL	25.0	0.857	
NinjaClone_FG_382_CPAL	7.5	0.857	
Shotguns_3	16.1	0.857	
XX72_CPAL	23.1	0.857	
C_059_CPAL	25.1	0.857	
PRIMALKILL	29.0	0.858	
Toppling_Towers_CPAL	36.5	0.858	
Spartan_Ped	12.4	0.858	
PurpleShield_FG_451_CPAL	14.4	0.859	
Weirdgal_FG_232_CPAL	13.6	0.859	
H_012	41.6	0.859	
BRIDE	28.6	0.859	
C_158_CPAL	14.5	0.860	
Cave1	29.7	0.860	
OFFICER	28.7	0.860	
LONESURVIVOR	41.3	0.860	
Ninja_Assault_4_CPAL	17.7	0.860	
RedMageRitual_FG_443_CPAL	31.1	0.860	
C_040_CPAL	13.6	0.860	
ATOMIC	27.3	0.860	
Aliens_Horny_P1_CPAL	18.6	0.860	
MagicBallBat_FG_301_CPAL	14.3	0.861	
Vampirella_Neo_CPAL	46.2	0.861	
Syn_Apoc	24.2	0.861	
House_On_The_Hill_CPAL	17.1	0.861	
Scamming_Marza1_CPAL	21.4	0.861	
CodexBlue_FG_475_CPAL	23.1	0.861	
Mountain_Base	12.5	0.861	
Brainers_FG_324_CPAL	28.6	0.861	
Wizard1	25.1	0.861	
Academy_Training	8.4	0.862	
NekomimiNetwork_CPAL	24.0	0.862	
BloomLady_FG_420_CPAL	33.9	0.862	
GudrunDuel4FG_CPAL	25.3	0.863	
Gnome_Demonslayer_CPAL	11.7	0.863	
C_030_CPAL	9.0	0.863	
Solmine_Outpost	22.5	0.863	
BloodVines_FG_376_CPAL	14.3	0.863	
MURDERER	18.6	0.863	
HelleriumExplosives_FG_114_CPAL	25.6	0.864	
GudrunMedExam_CPAL	16.5	0.864	
SpecialEquips_PCH_109_CPAL	13.0	0.864	
BloomLady_CrawlMovement_FG_544_CPAL	15.3	0.865	
Hybrid_Twilight	18.8	0.865	
xdreams_red_sun_sea_CPAL	15.3	0.865	
XXSniperNew1_CPAL	14.2	0.865	
Motoko_Stasis_CPAL	22.0	0.865	
C_152_CPAL	22.0	0.866	
C_028_CPAL	34.7	0.867	
RebelTrade1_CPAL	19.1	0.867	
Gudrun_and_Captain	11.0	0.867	
Queen_Magnificient	19.3	0.867	
Loot_Distribution	16.7	0.868	
Aurora_Video_FG_691_CPAL	23.0	0.868	
X37_CPAL	7.9	0.868	
C_010_CPAL	26.9	0.868	
Aurora_26_CPAL	16.9	0.868	
Jetbike_5	30.2	0.868	
WastelandGirl_FG_522_CPAL	17.2	0.869	
GoldenCrack_Marza1_CPAL	28.7	0.869	
Wpns_2b	21.2	0.869	
SX_1	14.0	0.870	
GoldenShield_FG_441_CPAL	31.8	0.870	
Aurora_Ignored_FG_262_CPAL	26.9	0.870	
Pirate_X51_CPAL	14.3	0.870	
Gudrun_Spy_Cut_CPAL	8.5	0.870	
Gudrun_Jedi_CPAL	18.1	0.870	
Tec_Corpse	15.5	0.870	
Avalanche_Manuf	22.8	0.870	
X77_Ped	12.1	0.871	
Death_Realm	18.2	0.871	
Queen_Savage_CPAL	23.7	0.871	
CA_19	45.6	0.872	
IntroPeasants_FG_564_CPAL	21.1	0.872	
HELTH_CPAL	20.5	0.873	
Trading_CPAL	10.7	0.873	
Alien_Warrioress	15.5	0.873	
MioFantasy2_CPAL	19.2	0.873	
Brainer_4_CPAL	19.5	0.873	
Fuso_armor	16.7	0.873	
X67_Ped	24.1	0.873	
PirBikiniPed_CPAL	18.4	0.873	
Soldat3_CPAL	7.2	0.873	
RedMage_Cube_FG_256_CPAL	10.4	0.874	
Gudrun_Interrog3A2_CPAL	21.1	0.874	
BootCamp_Marza1_CPAL	17.8	0.874	
Expeditions_Recon_CPAL	18.3	0.874	
VIP_17_CPAL	14.4	0.876	
Aurora_Pirate_FG_364_CPAL	25.2	0.876	
Gnome_Explorer_CPAL	11.9	0.877	
Crazy_Hassan	20.4	0.877	
XX23	13.9	0.877	
CA_Spitfire	18.5	0.878	
BigCannons_FG_443_CPAL	22.1	0.878	
Witch_2	14.6	0.878	
Militiaman_CPAL	9.8	0.878	
Dropship_CPAL	14.9	0.878	
VIP_CIO_CPAL	22.5	0.878	
Ninja_Warrior_39_CPAL	13.0	0.878	
ElevatorShaft_FG_340_CPAL	20.8	0.878	
GLOBETROTTER	31.8	0.878	
Canny_Queen	18.3	0.879	
GDX_Haydee23_CPAL	14.3	0.879	
Huntress_X9_CPAL	19.9	0.879	
Captain_RedGoldOnly_CPAL	19.2	0.879	
Robothead_825_CPAL	10.8	0.880	
MagneticContainment_FG_373_CPAL	29.1	0.880	
GDX_FG_Interrog2_Cut_CPAL	18.7	0.880	
Bigtorique	34.6	0.880	
Lamia_Recruitment_CPAL	23.4	0.880	
PirateyLingerie_FG_426_CPAL	29.8	0.880	
Hellerian_5	23.2	0.881	
CaptainRank02_Marza1b_CPAL	28.5	0.881	
AgressorGal_FG_105_CPAL	20.4	0.881	
BlueShield_FG_419_CPAL	25.4	0.882	
Gudrun_Test3	19.4	0.883	
Saya_Dragon	13.4	0.883	
Ninjas_2_CPAL	15.5	0.883	
GudrunSuit-397_CPAL	12.0	0.884	
H_013	14.0	0.884	
Kashub1	17.5	0.884	
Dream8_CPAL	24.5	0.884	
Sel_1_CPAL	13.1	0.884	
TANK_KILLER	17.6	0.884	
Nyah	13.1	0.884	
X88_Ped	35.0	0.885	
C_100_CPAL	17.4	0.885	
X26_Ped_CPAL	9.7	0.886	
Lovers2	16.2	0.886	
X69_CPAL	18.6	0.887	
C_122_CPAL	22.9	0.887	
C_123	31.7	0.888	
XX12	13.2	0.889	
X30_CPAL	9.6	0.889	
CA_RedBaron_CPAL	19.7	0.889	
RedMage_Castle_FG_251_CPAL	8.9	0.889	
VIP_16_CPAL	22.3	0.889	
C_051	33.4	0.889	
GudrunBride_FG_105_CPAL	39.3	0.890	
NewspaperMeme_FG_532_CPAL	16.7	0.890	
ORIGINAL8B_CPAL	18.5	0.890	
Jetpacks	24.6	0.890	
ArmWrestle_FG_333_CPAL	16.0	0.891	
C_015_CPAL	14.6	0.891	
BlackDragon_FG_411_CPAL	23.3	0.891	
GuerillaBack_FG_177_CPAL	8.1	0.892	
Rifles_Summary	18.6	0.893	
VIP_21	14.8	0.893	
Mutant_Wars_AI1_CPAL	9.3	0.893	
AMAZON	22.1	0.893	
BDAYCAKE_A_CPAL	16.3	0.894	
C_021_CPAL	36.4	0.894	
Laser_Nuclear_Ped	34.4	0.895	
Lifter4_CPAL	19.6	0.895	
IceAge_FG_467_CPAL	19.8	0.895	
Shotgun_7	9.6	0.895	
CryogirlX_CPAL	25.6	0.895	
Samira_CPAL	11.1	0.895	
CA_573_CPAL	23.2	0.895	
Crusade2	11.2	0.896	
Wolves	19.9	0.896	
Resistance1_CPAL	11.7	0.897	
CA_2_CPAL	21.2	0.897	
Bike_3	33.3	0.897	
BloomLady_CakeEater_FG_417_CPAL	19.6	0.897	
Desert	21.1	0.898	
Damsel_Grok_70_CPAL	12.4	0.898	
MISSION_KILLS_11	21.1	0.899	
C_002_CPAL	19.9	0.900	
OutroNucc12_CPAL	21.7	0.900	
HFAST1	20.4	0.900	
Ninja_Gal_5_CPAL	21.9	0.900	
XC_129_CPAL	10.7	0.900	
CANNONKILL	24.3	0.901	
X56_Ped	18.8	0.901	
GudrunOrigins_PC_123_CPAL	17.6	0.901	
C_139_CPAL	17.1	0.901	
Captain_GoldNoGreen_CPAL	7.9	0.901	
Pirate_X2_CPAL	6.0	0.901	
Santa_Muerte	16.6	0.902	
ZOMBIEGAL	25.0	0.902	
OgreSoldier_FG_618_CPAL	8.1	0.902	
ROOM_SERVICE	21.8	0.902	
Ninja_Assassin_7_CPAL	10.5	0.903	
GDX_Prison2_CPAL	21.2	0.903	
Smugglers_3	13.1	0.903	
SNIPERKILL	21.8	0.903	
GnomeInterrog_FG_40_CPAL	10.7	0.904	
C_126_CPAL	23.5	0.904	
CavernHuntining_FG_49_CPAL	10.1	0.905	
C_154	15.2	0.906	
Pir_Adventurer_FG_51B_CPAL	8.2	0.906	
MonsterFighting_FG_505_CPAL	26.6	0.907	
MISSION_KILLS_5	27.0	0.907	
Salvage	17.0	0.907	
C_013_CPAL	14.1	0.907	
VETSOLDIER_CPAL	9.5	0.907	
VIPHUNTER	23.2	0.907	
IntroBaseFound_FG_843_CPAL	21.6	0.908	
C_006_CPAL	14.1	0.908	
SEKAR_CPAL	29.5	0.908	
X73_Ped	12.8	0.908	
VIP_3	10.1	0.909	
AnnihilatorGal_FG_392_CPAL	7.2	0.909	
Big_Cat	17.2	0.910	
PirateTreasure	17.0	0.910	
CA_5_CPAL	22.8	0.910	
Prize_M_Lasers_CPAL	10.8	0.910	
MatterCompression_FG_113_CPAL	17.4	0.911	
BASE_DEFENSE	19.9	0.911	
Supercore	22.9	0.911	
Mars	16.3	0.911	
Tsundere_CPAL	15.7	0.912	
GudrunDuel1FG_CPAL	16.1	0.912	
Melee_5	15.0	0.912	
Labirynthus_Noctis	21.5	0.912	
HOLY_WARRIOR	20.3	0.913	
Pir_Nude_FG_55_CPAL	14.2	0.913	
X33_Ped_CPAL	15.5	0.913	
C_108	12.0	0.913	
QUADKILL	15.1	0.914	
City_Infiltration_CPAL	7.3	0.914	
VIP_9	10.1	0.914	
C_128	20.1	0.916	
BefriendingSlime_FG_119_CPAL	26.9	0.916	
Air_Boarding2	13.5	0.917	
C_137_CPAL	13.1	0.918	
Aurora_Ice_FG_44_CPAL	11.9	0.918	
BlueWitch_FG_32_CPAL	10.4	0.919	
BULWARK	21.1	0.921	
GDX_008_CPAL	5.2	0.922	
TheUnderground_FG_CPAL	11.1	0.923	
CaptainRank01_FG_342_CPAL	20.2	0.923	
XX33	20.7	0.923	
Hangar_1	19.8	0.924	
Humvee_FG_198_CPAL	18.5	0.925	
C_112	20.6	0.925	
H_016	15.9	0.925	
AircraftWeapons_FG_102_CPAL	9.4	0.925	
HandheldShields_Marza1_CPAL	29.3	0.925	
AuroraHouri_FG_346_CPAL	27.4	0.925	
CA_17_CPAL	6.6	0.925	
Orbit	27.1	0.925	
BloomLady_FG_418_CPAL	13.2	0.927	
Mutant_Resistance	13.1	0.927	
Witch_48_CPAL	22.0	0.927	
Socore_02	13.3	0.927	
CONDEMNED2_CPAL	9.8	0.927	
Gudrun_BDSM_213_CPAL	7.8	0.927	
Pir_Adventurer_FG_50_CPAL	9.0	0.928	
DBLKILL	12.4	0.928	
Pir_Nude_FG_56_CPAL	12.1	0.928	
Gnome_Tunnel_CPAL	11.2	0.929	
Hawkeye_Ped	42.5	0.929	
Spacebar2_CPAL	11.0	0.929	
Alenium_FG_224_CPAL	11.4	0.930	
WayOfSunlight_CPAL	24.6	0.930	
HumanistTank_FG_466_CPAL	12.3	0.930	
Brainer_Portal_CPAL	12.7	0.931	
CA_Necro1	27.5	0.932	
ALIEN_BASE_ASSAULT	14.6	0.932	
GDX_FG_MilkMaid_CPAL	12.4	0.932	
Gudrun_Tower1_CPAL	10.8	0.932	
WastelandPriestessD_FG_78	23.0	0.933	
Medical_H2_CPAL	14.5	0.934	
CA_8	16.1	0.934	
Archer_8_CPAL	7.5	0.934	
Shadowrealm	27.5	0.934	
WastelandPriestessA_FG_75M	10.8	0.935	
GudrunDuel3FG_CPAL	18.3	0.935	
GuerillaBack_FG_123_CPAL	6.6	0.935	
SARGEANT	19.1	0.936	
HEROIC_FORM_CPAL	21.2	0.936	
ZEROGEE	22.6	0.936	
C_075_CPAL	14.6	0.936	
H_002_CPAL	14.6	0.937	
Tube_CPAL	19.4	0.937	
Mad_Science_P1_CPAL	12.5	0.937	
HX_195	28.2	0.938	
C_053	14.7	0.938	
AntiE511_FG_101_CPAL	13.4	0.938	
GDX_FG_Torment1_CPAL	15.8	0.939	
CA_GOLDHAWK_CPAL	10.1	0.939	
Gnome_3_CPAL	14.5	0.940	
Dream4	25.7	0.940	
DesertFort_CPAL	15.6	0.941	
Contact_Fuso	17.6	0.941	
TaserGal_CPAL	11.1	0.943	
WAR1	16.3	0.943	
Sorcy_1	10.4	0.943	
C_085_CPAL	13.5	0.944	
PeasantSoldiers_FG_574_CPAL	7.9	0.944	
SoulDoll_FG_123_CPAL	9.9	0.944	
Public_Enemy_FG_41_CPAL	10.5	0.945	
AI_Theban_Clone_Armor_CPAL	21.6	0.945	
Whirrrr_CPAL	11.0	0.945	
Dreadlands_FG_69_CPAL	8.7	0.945	
Green_Pod_6_CPAL	17.4	0.946	
XX13_CPAL	6.4	0.947	
Gudrun_BlueSorceress_394_CPAL	8.2	0.947	
C_003_CPAL	8.1	0.947	
Guerilla_Sniper_Grok_70_CPAL	11.4	0.948	
GnomeMil_FG_44_CPAL	6.4	0.948	
Girl_Red_CPAL	11.1	0.949	
Gudrun_Portrait_CPAL	7.7	0.949	
Wet_And_Red_CPAL	13.0	0.949	
Chemical_FG_441_CPAL	16.9	0.950	
C_064_CPAL	5.2	0.950	
REVOLVINGDOOR_CPAL	18.6	0.950	
Raider_Mistress_001_CPAL	9.6	0.953	
Black_Towers	7.3	0.953	
Spaceships_5	23.6	0.954	
Cleo_5_CPAL	31.5	0.954	
C_109	16.2	0.956	
MaleSoldiers_FG_566_CPAL	6.6	0.956	
BossGal_FG_102_CPAL	6.2	0.958	
Prize_World	5.8	0.958	
DIMENSION	29.9	0.959	
Gudrun_Badendo_CPAL	8.1	0.960	
PrawaKirkhoffa_CPAL	7.9	0.960	
Guildmaster2_CPAL	6.6	0.961	
WH221_CPAL	5.9	0.963	
WastelandPriestessC_FG_77	6.1	0.963	
C_039_CPAL	6.5	0.964	
StealthSuit_FG_53_CPAL	6.6	0.965	
Devastator_Ped	13.0	0.968	
TakeMeToYourDealer_CPAL	8.0	0.969	
RailPod_FG_223_CPAL	11.7	0.969	
Bookworm_Blonde_FG_67_CPAL	5.2	0.969	
TRAPMASTER2_CPAL	9.4	0.970	
HINDES	14.0	0.970	
Underwater_FG_47_CPAL	8.5	0.972	
Victory	7.5	0.975	
GDX_powered	16.7	0.975	
Green_Armor_CPAL	5.6	0.975	
Mystic_Waves	17.8	0.976	
ZrbiteReactor_AI_332_CPAL	5.9	0.976	
MunIntro_FG_373_CPAL	5.3	0.976	
Mars_3_CPAL	10.6	0.976	
WizResources_FG_442_CPAL	5.7	0.977	
Comet	14.8	0.977	
Captaine_Gold_CPAL	7.9	0.978	
Cyberhead_CPAL	8.1	0.978	
Electricity	5.3	0.980	
X11_CPAL	7.0	0.980	
SoldierGal_FG_601_CPAL	3.9	0.983	
CA_3_CPAL	23.0	0.985	
C_080_CPAL	6.6	0.986	
Lawnch_CPAL	6.1	0.987	
Reyi_Circuitry_CPAL	4.0	0.993	
