ancientaliens_cpal	same picture	Resources\UfopediaTechPics\AncientAliens_CPAL.png
black_towers	same picture	Resources\UfopediaTechPics\Black_Towers.png
councilappears	same picture	Resources\Slides\CouncilAppears.png
crazy_hassan	same picture	Resources\Dossiers\Crazy_Hassan.png
desert	DIFFERENT picture	XComFiles\TERRAIN\DESERT.PCK
dragoncalling	DIFFERENT picture	Resources\UfopediaTechPics\DragonCalling.png
floater	DIFFERENT picture	UFO\UNITS\FLOATER.PCK
hybrid_agent_cpal	DIFFERENT picture	Resources\UfopediaTechPics\Hybrid_Agent_CPAL.png
hybridcontrollers_cpal	same picture	Resources\UfopediaTechPics\HybridControllers_CPAL.png
kitsune	DIFFERENT picture	XComFiles\TERRAIN\KITSUNE.PCK
little_bird	DIFFERENT picture	XComFiles\TERRAIN\LITTLE_BIRD.PCK
maid	DIFFERENT picture	CiviliansPack\Specialists\Maid.png
mars	DIFFERENT picture	XComFiles\TERRAIN\MARS.PCK
mutonbyneoworm_uped	same picture	Resources\UfopediaTechPics\MutonByNeoworm_UPed.png
rps_ped	same picture	Resources\UfopediaTechPics\RPS_Ped.png
sec_sci_eng	same picture	Resources\UfopediaTechPics\SEC_SCI_ENG.png
vampire_knight	DIFFERENT picture	Races_Compilation\ZombieRace\VAMPIRE_KNIGHT.png
wtfbg_cpal	same picture	Resources\UfopediaTechPics\wtfbg_CPAL.png
xcomagents	same picture	Resources\UfopediaTechPics\xcomagents.png
xcomorigins	same picture	Resources\UfopediaTechPics\xcomorigins.png
zrbite	same picture	Resources\UfopediaTechPics\zrbite.png
Counter({'same picture': 12, 'DIFFERENT picture': 9})
