type	race	rank	armor	weapon_source	roles	weapons	tu	reactions	firing	melee	psiSkill	psiStrength	health	bravery	aggression	intelligence	spotter	sniperPct	leeroy	energyRecovery	standHeight	canSurrender	spawnUnit	vip	ignoredByAI	livingWeapon
CIVILIAN_CASTAWAY_GAL	STR_CIVILIAN		STR_CIV_ARMOR_CASTAWAY_GAL	builtInWeaponSets	ГРЕНАДЁР(ГРАНАТА);МЕДИК;НЕТ_ОРУЖИЯ(BT_NONE);ОСВЕТИТЕЛЬ(FLARE);РУКОПАШНИК;СТРЕЛОК(прочее оружие)	STR_JAVELINS;STR_CANTEEN;STR_MUTANT_COMPLAINT;STR_NEUTRAL_SPAWN_TU_RESTORER_50;STR_BOATHOOK;STR_BANDAGE;STR_MUTANT_COMPLAINT;STR_NEUTRAL_SPAWN_TU_RESTORER_50;STR_KNOIF;STR_MOLOTOV;STR_BANDAGE;STR_MUTANT_COMPLAINT;STR_NEUTRAL_SPAWN_TU_RESTORER_50;STR_BATTO;STR_LOKNAR_SCRIPTURES;STR_BANDAGE;STR_BANDAGE;STR_BANDAGE;STR_MUTANT_COMPLAINT;STR_NEUTRAL_SPAWN_TU_RESTORER_50;STR_SHORT_SWORD;STR_ANARCHY_BOMB;STR_BANDAGE;STR_CANTEEN;STR_MUTANT_COMPLAINT;STR_NEUTRAL_SPAWN_TU_RESTORER_50	65	65	55	70	0	40	70	60	2	4				45	22					
CIVILIAN_DORF	STR_CIVILIAN		CIV_ARMOR_DORF	builtInWeaponSets	ГРЕНАДЁР/ТЯЖЁЛОЕ(пуск.устройство);ДРОБОВИК(ближний бой);МЕДИК;ОСВЕТИТЕЛЬ(FLARE);ПРОЧЕЕ(bt=2);РУКОПАШНИК;СТРЕЛОК(винтовка);СТРЕЛОК(пистолет)	STR_BEER;STR_MUTANT_COMPLAINT;STR_FLINTLOCK_MUSKET;STR_FLINTLOCK_BALLS;STR_FLINTLOCK_BALLS;STR_FLINTLOCK_BALLS;STR_CREDIT_CHIP_D;STR_VODKA;STR_COACH_GUN;STR_SHOTGUN_G_SHELLS;STR_SHOTGUN_G_SHELLS;STR_SHOTGUN_G_SHELLS;STR_CREDIT_CHIP_M;STR_MUTANT_COMPLAINT;STR_VODKA;STR_XBOW;STR_XBOW_QUIVER;STR_XBOW_QUIVER;STR_CREDIT_CHIP_D;STR_MUTANT_COMPLAINT;STR_BEER;STR_BOW_H;STR_BOW_H_QUIVER;STR_MUTANT_COMPLAINT;STR_MUTANT_MEAT;STR_CREDIT_CHIP_D;STR_VODKA;STR_AX;STR_OLD_MAGNUM;STR_OLD_MAGNUM_ROUNDS;STR_OLD_MAGNUM_ROUNDS;STR_OLD_MAGNUM_ROUNDS;STR_COINS;STR_COINS;STR_MUTANT_COMPLAINT	45	30	40	45	0	50	60	70	1	4				30	18					
CIVILIAN_LOKNAR_1	STR_LOKNAR		CIV_ARMOR_LOKNAR_1	builtInWeaponSets	ДРОБОВИК(ближний бой);ОСВЕТИТЕЛЬ(FLARE);ПРОЧЕЕ(bt=2);РУКОПАШНИК;СТРЕЛОК(пистолет)	STR_PITCHFORK;STR_GLAMOUR;STR_MUTANT_COMPLAINT;STR_SICKLE;STR_GLAMOUR;STR_MUTANT_COMPLAINT;STR_HANDLE;STR_GLAMOUR;STR_MUTANT_COMPLAINT;STR_FLINTLOCK_PISTOL;STR_FLINTLOCK_BALLS;STR_FLINTLOCK_BALLS;STR_FLINTLOCK_BALLS;STR_SHIV;STR_GLAMOUR;STR_MUTANT_COMPLAINT;STR_SHOTGUN_G;STR_SHOTGUN_G_SHELLS;STR_SHOTGUN_G_SHELLS;STR_GLAMOUR;STR_MUTANT_COMPLAINT	50	70	40	45	0	40	25	60	1	4				30	16					
CIVILIAN_LOKNAR_2	STR_LOKNAR		CIV_ARMOR_LOKNAR_2	builtInWeaponSets	ГРЕНАДЁР(ГРАНАТА);ДРОБОВИК(ближний бой);ОСВЕТИТЕЛЬ(FLARE);ПРОЧЕЕ(bt=2);ПУЛЕМЁТЧИК/АВТОМАТ;РУКОПАШНИК;СТРЕЛОК(винтовка);СТРЕЛОК(пистолет);СТРЕЛОК(прочее оружие)	STR_HSMG;STR_HSMG_CLIP;STR_MUTANT_COMPLAINT;STR_DB_SHOTGUN;STR_BUCKSHOT;STR_BUCKSHOT;STR_BUCKSHOT;STR_BUCKSHOT;STR_BUCKSHOT;STR_MUTANT_COMPLAINT;STR_OLD_REVOLVER;STR_REVOLVER_DRUM;STR_REVOLVER_DRUM;STR_MOLOTOV;STR_INCENDIARY_GRENADE;STR_MUTANT_COMPLAINT;STR_SHORT_SWORD;STR_OLD_PISTOL;STR_OLD_PISTOL_CLIP;STR_OLD_PISTOL_CLIP;STR_OLD_PISTOL_CLIP;STR_MUTANT_COMPLAINT;STR_HUNTING_RIFLE;STR_HUNTING_RIFLE_CLIP;STR_HUNTING_RIFLE_CLIP;STR_MUTANT_COMPLAINT	50	85	60	60	0	45	30	70	1	4				25	16					
CIVILIAN_MUT_3	STR_CIVILIAN		CIV_ARMOR_MUT_3	builtInWeaponSets	ОСВЕТИТЕЛЬ(FLARE);ПРОЧЕЕ(bt=2);РУКОПАШНИК;СТРЕЛОК(винтовка);СТРЕЛОК(пистолет)	STR_MUTANT_COMPLAINT;STR_SHIV;STR_MUTANT_COMPLAINT;STR_MUTANT_COMPLAINT;STR_FLINTLOCK_PISTOL;STR_FLINTLOCK_BALLS;STR_FLINTLOCK_BALLS;STR_FLINTLOCK_BALLS;STR_MUTANT_COMPLAINT;STR_HUNTING_RIFLE;STR_HUNTING_RIFLE_CLIP;STR_HUNTING_RIFLE_CLIP;STR_HUNTING_RIFLE_CLIP;STR_MUTANT_COMPLAINT	50	30	30	20	0	55	30	50	0	6				20	21					
CIVILIAN_MUT_4	STR_CIVILIAN		CIV_ARMOR_MUT_4	builtInWeaponSets	ОСВЕТИТЕЛЬ(FLARE);РУКОПАШНИК	STR_MUTANT_COMPLAINT;STR_MUTANT_COMPLAINT;STR_MUTANT_COMPLAINT;STR_MUTANT_COMPLAINT;STR_MUTANT_COMPLAINT;AUX_LAMIA_BITE	45	30	30	50	0	50	70	90	1	3				30	21					
CIVILIAN_MUT_5	STR_CIVILIAN		CIV_ARMOR_MUT_5	builtInWeaponSets	ДРОБОВИК(ближний бой);МЕДИК;ОСВЕТИТЕЛЬ(FLARE);ПРОЧЕЕ(bt=2);РУКОПАШНИК;СТРЕЛОК(пистолет)	STR_CREDIT_CHIP_D;STR_MUTANT_COMPLAINT;STR_BEER;STR_BILLHOOK;STR_MUTANT_COMPLAINT;STR_OLD_PISTOL;STR_OLD_PISTOL_CLIP;STR_OLD_PISTOL_CLIP;STR_OLD_PISTOL_CLIP;STR_MUTANT_COMPLAINT;STR_SAWED_OFF;STR_BUCKSHOT;STR_BUCKSHOT;STR_BUCKSHOT;STR_BUCKSHOT;STR_BUCKSHOT;STR_MUTANT_COMPLAINT;STR_SNUBBY;STR_SNUBBY_DRUM;STR_SNUBBY_DRUM;STR_MUTANT_COMPLAINT	45	30	30	45	0	25	80	70	1	3				20	22					
CIVILIAN_MUT_7	STR_CIVILIAN		CIV_ARMOR_MUT_7	builtInWeaponSets	ДРОБОВИК(ближний бой);ОСВЕТИТЕЛЬ(FLARE);ПРОЧЕЕ(bt=2);РУКОПАШНИК	STR_PIPE;STR_GLAMOUR;STR_MUTANT_COMPLAINT;STR_AX;STR_GLAMOUR;STR_MUTANT_COMPLAINT;STR_BATTO;STR_GLAMOUR;STR_MUTANT_COMPLAINT;STR_MACHETE;STR_GLAMOUR;STR_MUTANT_COMPLAINT;STR_SHOTGUN_G;STR_SHOTGUN_G_SHELLS;STR_SHOTGUN_G_SHELLS;STR_GLAMOUR;STR_MUTANT_COMPLAINT	55	25	25	60	0	35	60	70	1	4				30	21					
CIVILIAN_YOUNG_UBER	STR_CIVILIAN		CIV_ARMOR_YOUNG_UBER	builtInWeaponSets	ДРОБОВИК(ближний бой);МЕДИК;НЕТ_ОРУЖИЯ(BT_NONE);ОСВЕТИТЕЛЬ(FLARE);ПРОЧЕЕ(bt=2);РУКОПАШНИК;СТРЕЛОК(пистолет)	STR_BATTO;STR_BEER;STR_SECTOWEED;STR_MUTANT_COMPLAINT;STR_KNOIF_BANDIT;STR_OLD_PISTOL;STR_OLD_PISTOL_CLIP;STR_OLD_PISTOL_CLIP;STR_OLD_PISTOL_CLIP;STR_BANDAGE;STR_MUTANT_COMPLAINT;STR_KNOIF;STR_SAWED_OFF;STR_BUCKSHOT;STR_BUCKSHOT;STR_BUCKSHOT;STR_BUCKSHOT;STR_LOKNAR_SCRIPTURES;STR_MUTANT_COMPLAINT;STR_SMG;STR_SMG_CLIP;STR_SMG_CLIP;STR_LOKNAR_SCRIPTURES;STR_MUTANT_COMPLAINT;STR_COLT45;STR_COLT45_CLIP;STR_COLT45_CLIP;STR_VODKA;STR_MUTANT_COMPLAINT	65	55	40	60	0	35	60	60	2	3				40	22					
FEMALE_CIVILIAN	STR_CIVILIAN		CIV_ARMOR_F1	builtInWeaponSets	ОСВЕТИТЕЛЬ(FLARE);ПРОЧЕЕ(bt=2);РУКОПАШНИК;СТРЕЛОК(пистолет)	STR_GLAMOUR;STR_MUTANT_COMPLAINT;STR_GLAMOUR;STR_KITCHEN_KNIFE;STR_MUTANT_COMPLAINT;STR_BATTO;STR_GLAMOUR;STR_MUTANT_COMPLAINT;STR_GLAMOUR;STR_MUTANT_COMPLAINT;STR_REVOLVER_LT;STR_REVOLVER_LT_DRUM;STR_GLAMOUR;STR_MUTANT_COMPLAINT	55	35	30	20	0	45	30	50	0	4				30	21					
MALE_CIVILIAN	STR_CIVILIAN		CIV_ARMOR_M1	builtInWeaponSets	ДРОБОВИК(ближний бой);ОСВЕТИТЕЛЬ(FLARE);ПРОЧЕЕ(bt=2);РУКОПАШНИК;СТРЕЛОК(пистолет);СТРЕЛОК(прочее оружие)	STR_GLAMOUR;STR_MUTANT_COMPLAINT;STR_AX;STR_GLAMOUR;STR_MUTANT_COMPLAINT;STR_CROWBAR;STR_GLAMOUR;STR_MUTANT_COMPLAINT;STR_FLINTLOCK_PISTOL;STR_FLINTLOCK_BALLS;STR_FLINTLOCK_BALLS;STR_GLAMOUR;STR_MUTANT_COMPLAINT;STR_SHOTGUN_G;STR_SHOTGUN_G_SHELLS;STR_SHOTGUN_G_SHELLS;STR_GLAMOUR;STR_MUTANT_COMPLAINT	50	30	30	35	0	20	40	50	1	4				30	21					
STR_14MM_LIGHT_TURRET	STR_WAR_MACHINES	STR_LIVE_TERRORIST	TRUCK_TURRET_14MM_ARMOR	itemSets(deployment)/none			50	30	50	0	0	0	75	110	8	2		75		1	16					True
STR_ACADEMY_COUNSELLOR	STR_SECTOID	STR_LIVE_COMMANDER	SECTOID_ARMOR_P14	builtInWeapons	ПСИ;РУКОПАШНИК	AUX_SEDUCTION;AUX_BAD_TOUCH;AUX_SEDUCTION	70	60	60	50	25	75	50	100	0	8				50	22	True				True
STR_ACADEMY_NURSE	STR_SECTOID	STR_LIVE_SOLDIER	SECTOID_ARMOR_P11	itemSets(deployment)/none			65	45	45	55	0	35	30	50	5	3				40	22	True				
STR_ACADEMY_PIONEER	STR_SECTOID	STR_LIVE_NAVIGATOR	SECTOID_ARMOR_P7	itemSets(deployment)/none			95	75	75	70	40	60	40	90	3	5	1	33		50	22	True				
STR_ACADEMY_SCIENTIST	STR_SECTOID	STR_LIVE_COMMANDER	SECTOID_ARMOR_P13	itemSets(deployment)/none			62	60	75	30	0	60	33	80	1	8	1	50		30	21	True				
STR_ACADEMY_STUDENT	STR_SECTOID	STR_LIVE_SOLDIER	SECTOID_ARMOR_P12	itemSets(deployment)/none			65	30	30	20	0	33	30	30	0	3				35	22	True				
STR_ACADEMY_THRALL	STR_SECTOID	STR_LIVE_SOLDIER	SECTOID_ARMOR_P15	builtInWeapons	РУКОПАШНИК	AUX_BAD_TOUCH	75	60	30	60	0	10	75	90	6	2				50	22	True				True
STR_ADRONE_TERRORIST	STR_WAR_MACHINES	STR_LIVE_SOLDIER	ADRONE_ARMOR	builtInWeapons	СТРЕЛОК(прочее оружие)	AUX_ADRONE_WEAPON	75	50	40	0	0	0	5	110	1	2	1			999	10					True
STR_ANIMATRON_MARAUDER	STR_RIMRIDERS	STR_LIVE_NAVIGATOR	ANIMATRON_MARAUDER_ARMOR	builtInWeapons	РУКОПАШНИК;СТРЕЛОК(прочее оружие)	AUX_ANIMATRON_WEAPON;AUX_POWER_FISTO	70	75	65	50	0	60	40	80	1	5	2	50		50	22	True				True
STR_APOC_DISCIPLE	STR_APOCALYPSE_CULT	STR_LIVE_MEDIC	APOC_ARMOR_P0	meleeWeapon	РУКОПАШНИК	AUX_FISTO	70	65	40	80	0	65	80	100	4	4				50	22	False				
STR_APOC_MARAUDER	STR_APOCALYPSE_CULT	STR_LIVE_NAVIGATOR	APOC_ARMOR_P2	itemSets(deployment)/none			75	75	75	75	0	55	75	100	3	3				50	22	False				
STR_APOC_SADIST	STR_APOCALYPSE_CULT	STR_LIVE_NAVIGATOR	APOC_ARMOR_P1	meleeWeapon	ПСИ;РУКОПАШНИК	AUX_FISTO;AUX_HOOD_OF_FEAR	65	35	40	75	40	40	110	100	6	2				50	22	False				
STR_AQUAMAN_TERRORIST	STR_DEPTH_DWELLER	STR_LIVE_SOLDIER	DEEP_ONE_ARMOR_P3	builtInWeapons	СТРЕЛОК(прочее оружие)	AUX_AQUAMAN_WEAPON	50	55	30	30	0	10	40	110	1	4	1	25		30	21					True
STR_AQUATOID_MEDIC	STR_DEPTH_DWELLER	STR_LIVE_MEDIC	DEEP_ONE_ARMOR_P9	itemSets(deployment)/none			58	80	70	60	50	70	35	90	1	6	2	33		30	16					
STR_ARMORED_CAR_NAZI_TERRORIST	STR_WAR_MACHINES	STR_LIVE_TERRORIST	ARMORED_CAR_NAZI_ARMOR	builtInWeapons	СТРЕЛОК(прочее оружие)	AUX_TANK_TURRETED_AC25MM_WEAPON	200	20	65	0	0	100	60	110	2	5	2	33		999	21					True
STR_ARMORED_CAR_TERRORIST	STR_WAR_MACHINES	STR_LIVE_TERRORIST	ARMORED_CAR_ARMOR	builtInWeapons	СТРЕЛОК(прочее оружие)	AUX_TANK_2MG_WEAPON_TURRETED	200	20	60	0	0	90	60	110	2	5	2	25		999	21					True
STR_ATURRET_BIG	STR_WAR_MACHINES	STR_LIVE_TERRORIST	STR_ATURRET_BIG_ARMOR	itemSets(deployment)/none			40	40	100	0	0	0	200	110	8	1	1	75		20	12					True
STR_ATURRET_BIG_ERROR1	STR_WAR_MACHINES	STR_LIVE_TERRORIST	STR_ATURRET_BIG_ARMOR_ERROR1	itemSets(deployment)/none			40	40	100	0	0	0	200	110	8	1	1	75		20	12					True
STR_ATURRET_BIG_ERROR2	STR_WAR_MACHINES	STR_LIVE_TERRORIST	STR_ATURRET_BIG_ARMOR_ERROR2	itemSets(deployment)/none			40	40	100	0	0	0	200	110	8	1	1	75		20	12					True
STR_ATURRET_BIG_ERROR3	STR_WAR_MACHINES	STR_LIVE_TERRORIST	STR_ATURRET_BIG_ARMOR_ERROR3	itemSets(deployment)/none			40	40	100	0	0	0	200	110	8	1	1	75		20	12					True
STR_ATURRET_SMALL	STR_WAR_MACHINES	STR_LIVE_TERRORIST	STR_ATURRET_SMALL_ARMOR	itemSets(deployment)/none			40	50	100	0	0	0	75	110	8	1	1	75		20	12					True
STR_AUR_1	STR_RACE_CYBORGS	STR_LIVE_COMMANDER	AUR_ARMOR_1	builtInWeapons	НЕТ_ОРУЖИЯ(BT_NONE);ОСВЕТИТЕЛЬ(FLARE);РУКОПАШНИК	STR_LINGERIE;STR_FUR_HAT;STR_AURORA_NOTE;AUX_ROBOT_FIST	30	90	50	90	0	0	100	110	0	10	5			999	22	False	STR_AUR_2			
STR_AUR_2	STR_RACE_CYBORGS	STR_LIVE_LEADER	AUR_ARMOR_2	builtInWeapons	РУКОПАШНИК;СТРЕЛОК(прочее оружие)	AUX_ROBOT_FIST;AUX_TEC_0_WEAPON	125	90	50	90	0	0	30	110	8	10	5		True	999	18	False				
STR_AWAKENED_CORPSE	STR_ZOMBIE		ARMOR_AWAKENED_CORPSE	itemSets(deployment)/none			75	70	50	65	0	50	100	100						40	21					
STR_BANDIT_BOSS	STR_BANDIT	STR_LIVE_LEADER	BANDIT_ARMOR_P15	itemSets(deployment)/none			49	30	50	76	0	25	105	80	1	4				20	22	True				
STR_BANDIT_BOY	STR_BANDIT	STR_LIVE_SOLDIER	BANDIT_ARMOR_P9	itemSets(deployment)/none			50	50	35	45	0	30	27	50	2	3				35	21	True				
STR_BANDIT_DRIFTER	STR_BANDIT	STR_LIVE_NAVIGATOR	BANDIT_ARMOR_P3	builtInWeaponSets	ОСВЕТИТЕЛЬ(FLARE)	STR_WASTELANDER_BACKPACK;STR_WASTELANDER_BACKPACK;STR_WASTELANDER_BACKPACK	60	55	60	55	0	55	40	60	1	4	0	25		30	21	True				
STR_BANDIT_DUDE	STR_BANDIT	STR_LIVE_NAVIGATOR	BANDIT_ARMOR_P12	itemSets(deployment)/none			55	50	50	50	0	35	40	60	2	3				25	21	True				
STR_BANDIT_FUSSBALLER	STR_BANDIT	STR_LIVE_NAVIGATOR	BANDIT_ARMOR_P13	itemSets(deployment)/none			66	50	35	72	0	35	45	70	4	2				45	21	True				
STR_BANDIT_GHOUL	STR_GHOUL_RACE	STR_LIVE_NAVIGATOR	BANDIT_ARMOR_P1	itemSets(deployment)/none			45	30	40	15	0	65	120	90	1	4				30	21	True				
STR_BANDIT_GHOUL_SCI	STR_GHOUL_RACE	STR_LIVE_MEDIC	BANDIT_ARMOR_P8	itemSets(deployment)/none			50	40	50	15	0	75	150	100	1	6				35	21	True				
STR_BANDIT_HIGHWAYMAN	STR_BANDIT	STR_LIVE_NAVIGATOR	BANDIT_ARMOR_P2	itemSets(deployment)/none			50	40	55	50	0	40	45	70	1	4	1			25	21	True				
STR_BANDIT_HITMAN	STR_BANDIT	STR_LIVE_MEDIC	BANDIT_ARMOR_P14	itemSets(deployment)/none			65	70	85	80	0	40	55	80	2	6	1	33		40	22	True				
STR_BANDIT_PMC	STR_BANDIT	STR_LIVE_NAVIGATOR	BANDIT_ARMOR_P4	itemSets(deployment)/none			55	55	65	65	0	35	45	70	2	3	1	20		30	21	True				
STR_BANDIT_PUNK	STR_BANDIT	STR_LIVE_NAVIGATOR	BANDIT_ARMOR_P19	builtInWeaponSets	МЕДИК	STR_CRACK;STR_CRACK;STR_CRACK;STR_CRACK;STR_CRACK	72	70	40	65	0	33	38	80	4	2				30	21	True				
STR_BANDIT_RATMAN	STR_RATMEN	STR_LIVE_SOLDIER	BANDIT_ARMOR_P0	itemSets(deployment)/none			50	65	50	45	0	40	20	80	1	4	1			30	16	True				
STR_BANDIT_RATMAN_HUNTER	STR_RATMEN	STR_LIVE_NAVIGATOR	BANDIT_ARMOR_P7	builtInWeaponSets	ОСВЕТИТЕЛЬ(FLARE)	STR_WASTELANDER_BACKPACK;STR_WASTELANDER_BACKPACK	50	75	50	50	0	45	23	80	0	6	1	50		35	16	True				
STR_BANDIT_RATMAN_LEADER	STR_RATMEN	STR_LIVE_LEADER	BANDIT_ARMOR_P5	itemSets(deployment)/none			55	80	60	60	0	50	30	80	1	6	3	75		35	16	True				
STR_BANDIT_RATMAN_STORMRAT	STR_RATMEN	STR_LIVE_NAVIGATOR	BANDIT_ARMOR_P18	builtInWeapons	ОСВЕТИТЕЛЬ(FLARE)	AUX_STORMRAT_SHIELD	45	65	60	55	0	40	26	80	2	5	2			30	16	True				
STR_BANDIT_RUFFIAN	STR_BANDIT	STR_LIVE_SOLDIER	BANDIT_ARMOR_P16	itemSets(deployment)/none			55	40	40	45	0	30	35	50	2	2				30	21	True				
STR_BANDIT_TOMB_RUNNER	STR_BANDIT	STR_LIVE_SOLDIER	BANDIT_ARMOR_P11	builtInWeaponSets	ОСВЕТИТЕЛЬ(FLARE)	STR_WASTELANDER_BACKPACK;STR_WASTELANDER_BACKPACK;STR_WASTELANDER_BACKPACK;STR_WASTELANDER_BACKPACK;STR_WASTELANDER_BACKPACK	75	62	55	55	0	45	40	60	1	4				40	22	True				
STR_BANDIT_TROUBLEMAKER	STR_BANDIT	STR_LIVE_SOLDIER	BANDIT_ARMOR_P17	builtInWeaponSets	ОСВЕТИТЕЛЬ(FLARE)	STR_WASTELANDER_BACKPACK	63	45	35	35	0	25	30	60	2	2				35	21	True				
STR_BEASTMASTER_TERRORIST	STR_SNAKEMAN	STR_LIVE_MEDIC	CHURCH_ARMOR_P4	itemSets(deployment)/none			65	55	50	75	30	65	45	90	1	6	3	50		42	22	True				
STR_BEE_SWARM_TERRORIST	STR_BEAST	STR_LIVE_SOLDIER	BEES_ARMOR	builtInWeapons	РУКОПАШНИК	AUX_BEES_WEAPON	80	64	0	80	0	80	25	110	2	2				50	17					True
STR_BLACKMARCH_JAEGER	STR_GOVT	STR_LIVE_NAVIGATOR	BLACKMARCH_JAEGER_ARMOR	itemSets(deployment)/none			65	70	80	65	0	60	45	80	1	4	3	50		35	22	True				
STR_BLACK_CAT	STR_CAT		BLACK_CAT_ARMOR	builtInWeapons	РУКОПАШНИК	AUX_PURR_PURR	80	150	20	60	0	70	20	20						30	10					True
STR_BLACK_CAT_CIV	STR_CAT		BLACK_CAT_ARMOR	builtInWeapons	РУКОПАШНИК	AUX_CAT_CLAWS	80	140	20	60	0	70	20	80	0	5				30	10					True
STR_BLACK_CAT_CIV_RECOVER	STR_CAT		BLACK_CAT_ARMOR	builtInWeapons	РУКОПАШНИК	AUX_CAT_CLAWS	80	140	20	60	0	70	20	60	0	5				30	10					True
STR_BLACK_CAT_INVISIBLE_VIP	STR_CAT		BLACK_CAT_ARMOR	itemSets(deployment)/none			60	160	20	60	0	110	180	110	0	5				30	10				True	True
STR_BLACK_PYRAMID_TURRET	STR_DEATH_DUNGEON_RACE	STR_LIVE_TERRORIST	PYRAMID_ARMOR	itemSets(deployment)/none			100	70	60	0	0	100	500	110	8	3	3	33		1	20					True
STR_BLOOD_DOG_TERRORIST	STR_BEAST	STR_LIVE_SOLDIER	BANDIT_ARMOR_P6	builtInWeapons	РУКОПАШНИК	AUX_BLOOD_DOG_WEAPON	90	60	0	90	0	30	60	100	2	3	1			30	12					True
STR_BOGEYMAN_TERRORIST	STR_DEMON	STR_LIVE_SOLDIER	DOOM_ARMOR_0	meleeWeapon	ПСИ;РУКОПАШНИК	AUX_DOOM_IMP_CLAWS;AUX_SEDUCTION	66	70	25	40	40	66	20	90	2	4				40	16	True				
STR_BOLSHOY_GUARD	STR_GOVT	STR_LIVE_NAVIGATOR	BOLSHOY_GUARD_ARMOR	itemSets(deployment)/none			70	75	75	80	0	45	100	90	1	4	1	25		35	23	True				
STR_BOOMOSAURUS_TERRORIST	STR_BEAST	STR_LIVE_TERRORIST	BOOMOSAURUS_ARMOR	builtInWeapons	РУКОПАШНИК;СТРЕЛОК(прочее оружие)	AUX_BOOMOSAURUS_WEAPON;AUX_BOOMOSAURUS_JAWS	62	14	20	60	0	20	300	110	2	2				40	25					True
STR_BOSSBRAIN	STR_BOSSBRAIN	STR_LIVE_COMMANDER	BOSSBRAIN_ARMOR	itemSets(deployment)/none			0	10	0	0	100	130	250	110							21				True	
STR_BRUTE_SAILOR_CIV	STR_CIVILIAN		ARMOR_BRUTE_SAILOR	builtInWeaponSets	ГРЕНАДЁР(ГРАНАТА);ГРЕНАДЁР/ТЯЖЁЛОЕ(пуск.устройство);ДРОБОВИК(ближний бой);МЕДИК;ПРОЧЕЕ(bt=2);РУКОПАШНИК;СТРЕЛОК(винтовка);СТРЕЛОК(пистолет);СТРЕЛОК(прочее оружие)	STR_AX;STR_SLUGGA;STR_SLUGGA_AMMO;STR_SLUGGA_AMMO;STR_SLUGGA_AMMO;STR_SLUGGA_AMMO;STR_MEDI_KIT;STR_ANCHOR;STR_INCENDIARY_GRENADE;STR_PIR_CANNON;STR_PIR_CANNONBALL_HE;STR_PIR_CANNONBALL_HE;STR_PIR_CANNONBALL_HE;STR_PIR_CANNONBALL_HE;STR_PIR_CANNONBALL_HE;STR_PIR_CANNONBALL_HE;STR_PIR_CANNONBALL_HE;STR_PIR_CANNONBALL_HE;STR_SHOOTA;STR_SHOOTA_CLIP;STR_SHOOTA_CLIP;STR_GRENADE_FRAG;STR_BLUNDERBUSS;STR_BLUNDERBUSS_AMMO;STR_BLUNDERBUSS_AMMO;STR_BLUNDERBUSS_AMMO;STR_BLUNDERBUSS_AMMO;STR_GRENADE_FRAG;STR_BEER	50	40	50	80	0	35	100	90	5	3				60	22					
STR_BULLFROG_TERRORIST	STR_BEAST	STR_LIVE_TERRORIST	BULLFROG_ARMOR	builtInWeapons	РУКОПАШНИК;СТРЕЛОК(прочее оружие)	AUX_BULLFROG_TONGUE;AUX_BOOMOSAURUS_JAWS	70	65	0	65	0	50	325	100	2	1					20					True
STR_BUNKER_TURRET	STR_WAR_MACHINES	STR_LIVE_TERRORIST	BUNKER_TURRET_ARMOR	itemSets(deployment)/none			50	30	50	0	0	0	75	110	8	2	1	75		1	16					True
STR_BUTCH	STR_DEATH_DUNGEON_RACE	STR_LIVE_LEADER	STR_BUTCH_ARMOR	builtInWeaponSets	РУКОПАШНИК	STR_BUTCHER_CLEAVER;STR_BUTCHER_CLEAVER;STR_BUTCHER_CLEAVER;STR_BUTCHER_CLEAVER;STR_BUTCHER_CLEAVER	80	40	25	70	0	60	400	110	8	1				70	22	False				
STR_BUTCH_WARDEN	STR_DEATH_DUNGEON_RACE	STR_LIVE_LEADER	STR_BUTCH_WARDEN_ARMOR	itemSets(deployment)/none			80	50	30	100	0	80	550	110	8	1				70	22	False				
STR_CELATID_TERRORIST	STR_MONSTER_RACE	STR_LIVE_SOLDIER	CELATID_ARMOR	builtInWeapons	СТРЕЛОК(прочее оружие)	AUX_CELATID_WEAPON	70	40	0	80	0	80	68	90	2	3				40	12					True
STR_CHRYSSALID_TERRORIST	STR_MONSTER_RACE	STR_LIVE_SOLDIER	CHRYSSALID_ARMOR	builtInWeapons	РУКОПАШНИК	AUX_CHRYSSALID_WEAPON	122	70	0	80	0	50	96	100	1	4				40	21					True
STR_CHUPACABRA_TERRORIST	STR_BEAST	STR_LIVE_SOLDIER	CHUPACABRA_ARMOR	itemSets(deployment)/none			110	80	0	80	0	50	30	100	4	3			True	40	16					True
STR_CHURCH_BOY	STR_SNAKEMAN	STR_LIVE_SOLDIER	CHURCH_ARMOR_P10	itemSets(deployment)/none			50	15	30	35	0	30	30	50	0	1				30	21	True				
STR_CHURCH_COMMANDER	STR_SNAKEMAN	STR_LIVE_COMMANDER	CHURCH_ARMOR_P6	builtInWeapons	ПСИ;СТРЕЛОК(прочее оружие)	AUX_TOME_LIGHTNING;AUX_SEDUCTION	65	85	55	65	44	80	55	100	1	6	-1	50		32	22	True				True
STR_CHURCH_ELITE	STR_SNAKEMAN	STR_LIVE_MEDIC	CHURCH_ARMOR_P0	builtInWeapons	РУКОПАШНИК	AUX_FORCE_LANCE	125	100	65	100	0	65	55	100	3	5				60	22	True				True
STR_CHURCH_ENGINEER	STR_SNAKEMAN	STR_LIVE_MEDIC	CHURCH_ARMOR_P3	itemSets(deployment)/none			40	45	50	70	20	65	60	100	1	6	3	50		32	22	False	STR_BEASTMASTER_TERRORIST			
STR_CHURCH_HANDMAID	STR_SNAKEMAN	STR_LIVE_ENGINEER	CHURCH_ARMOR_P11	itemSets(deployment)/none			65	40	25	45	0	52	40	60	1	3				40	22	True				
STR_CHURCH_LEADER	STR_SNAKEMAN	STR_LIVE_LEADER	CHURCH_ARMOR_P5	itemSets(deployment)/none			60	60	45	65	30	70	45	90	1	5	1	33		30	22	True				
STR_CHURCH_MAIDEN	STR_SNAKEMAN	STR_LIVE_ENGINEER	CHURCH_ARMOR_P9	itemSets(deployment)/none			60	50	55	55	0	55	40	80	1	5				40	22	True				
STR_CHURCH_MATRON	STR_SNAKEMAN	STR_LIVE_LEADER	CHURCH_ARMOR_P8	itemSets(deployment)/none			65	60	60	65	0	65	50	90	1	6				40	22	True				
STR_CHURCH_NAVIGATOR	STR_SNAKEMAN	STR_LIVE_NAVIGATOR	CHURCH_ARMOR_P2	itemSets(deployment)/none			70	55	50	65	0	55	45	80	3	5				40	22	True				
STR_CHURCH_PRIEST	STR_SNAKEMAN	STR_LIVE_MEDIC	CHURCH_ARMOR_P7	builtInWeaponSets	НЕТ_ОРУЖИЯ(BT_NONE);ОСВЕТИТЕЛЬ(FLARE)	STR_BOOK_OF_SERMONS;STR_COINS;STR_BOOK_OF_SERMONS;STR_COINS;STR_BOOK_OF_SERMONS;STR_COINS;STR_COINS;STR_BOOK_OF_SERMONS;STR_COINS;STR_BOOK_OF_SERMONS	70	50	50	65	0	65	50	90	2	4	1			40	22	True				
STR_CHURCH_SOLDIER	STR_SNAKEMAN	STR_LIVE_SOLDIER	CHURCH_ARMOR_P1	itemSets(deployment)/none			60	35	30	35	0	40	35	70	2	4				30	22	True				
STR_CIVILIAN_CATGIRL_TOURIST_BUSY	STR_NEKOMIMI		CIV_ARMOR_BUSY_CATGIRL	builtInWeaponSets	ГРЕНАДЁР(ГРАНАТА);ДРОБОВИК(ближний бой);МЕДИК;ПРОЧЕЕ(bt=2);РУКОПАШНИК;СТРЕЛОК(пистолет);СТРЕЛОК(прочее оружие)	STR_KUSARIGAMA;STR_BANDAGE;STR_GRENADE;STR_LASER_PISTOL_PIR;STR_LASER_PISTOL_CLIP_LO;STR_LASER_PISTOL_CLIP_LO;STR_WAKIZASHI;STR_BANDAGE;STR_RAYGUN;STR_RAYGUN_CLIP;STR_RAYGUN_CLIP;STR_RAYGUN_CLIP;STR_NEKO_SWORD;STR_BANDAGE;STR_MRSHAN_SHOTGUN;STR_MRSHAN_SHOTGUN_CLIP;STR_BANDAGE;STR_MRSHAN_PISTOL;STR_MRSHAN_PISTOL_CLIP;STR_MRSHAN_PISTOL_CLIP;STR_BANDAGE	80	80	55	70	0	66	30	70	1	4				35	21					
STR_CIVILIAN_CATGIRL_TOURIST_FRIENDLY	STR_NEKOMIMI		CIV_ARMOR_FRIENDLY_CATGIRL	builtInWeaponSets	ГРЕНАДЁР(ГРАНАТА);ДРОБОВИК(ближний бой);МЕДИК;ПРОЧЕЕ(bt=2);РУКОПАШНИК;СТРЕЛОК(пистолет);СТРЕЛОК(прочее оружие)	STR_KUSARIGAMA;STR_BANDAGE;STR_GRENADE;STR_LASER_PISTOL_PIR;STR_LASER_PISTOL_CLIP_LO;STR_LASER_PISTOL_CLIP_LO;STR_WAKIZASHI;STR_BANDAGE;STR_RAYGUN;STR_RAYGUN_CLIP;STR_RAYGUN_CLIP;STR_RAYGUN_CLIP;STR_NEKO_SWORD;STR_BANDAGE;STR_MRSHAN_SHOTGUN;STR_MRSHAN_SHOTGUN_CLIP;STR_BANDAGE;STR_MRSHAN_PISTOL;STR_MRSHAN_PISTOL_CLIP;STR_MRSHAN_PISTOL_CLIP;STR_BANDAGE	80	80	55	70	0	66	30	70	1	4				35	21					
STR_CIVILIAN_KNIGHT_ERRANT	STR_RACE_HUMAN		STR_SLAVE_ARMOR_CRUSADER_A_UC	builtInWeaponSets	ДРОБОВИК(ближний бой);МЕДИК;ПРОЧЕЕ(bt=2);РУКОПАШНИК	STR_SWORD_MDV;STR_CANTEEN;STR_BEER;STR_BANDAGE;STR_BATTLE_AX;STR_CANTEEN;STR_BEER;STR_BANDAGE;STR_SPIKED_MACE;STR_CANTEEN;STR_BEER;STR_BANDAGE;STR_SAWED_OFF;STR_BUCKSHOT;STR_BUCKSHOT;STR_BUCKSHOT;STR_BUCKSHOT;STR_BUCKSHOT;STR_BUCKSHOT;STR_BEER;STR_BANDAGE;STR_SWORD_MDV;STR_CANTEEN;STR_BEER;STR_BANDAGE	77	70	50	90	0	55	55	70	2	4				35	21					
STR_CIVILIAN_TRIBAL	STR_CIVILIAN		CIV_ARMOR_TRIBAL	builtInWeaponSets	ГРЕНАДЁР/ТЯЖЁЛОЕ(пуск.устройство);МЕДИК;НЕТ_ОРУЖИЯ(BT_NONE);ОСВЕТИТЕЛЬ(FLARE);ПРОЧЕЕ(bt=2);РУКОПАШНИК;СТРЕЛОК(прочее оружие)	STR_GLAMOUR;STR_MUTANT_COMPLAINT;STR_BOW_PRIMITIVE;STR_BOW_H_QUIVER;STR_BOW_H_QUIVER;STR_MUTANT_MEAT;STR_GLAMOUR;STR_MUTANT_COMPLAINT;STR_JAVELINS_PRIMITIVE;STR_CHITIN_KNIFE;STR_LOBSTERMAN_HIDE;STR_BOATHOOK;STR_GLAMOUR;STR_MUTANT_COMPLAINT;STR_SHROOM_WHITE;STR_SHROOM_RED;STR_ORANGE;STR_GLAMOUR;STR_MUTANT_COMPLAINT;STR_STONE_AX;STR_LIZARD_HIDE;STR_STONE_AX;STR_BLOWPIPE;STR_BLOWPIPE_DARTS_ACID;STR_BLOWPIPE_DARTS_ACID;STR_BLOWPIPE_DARTS_ACID;STR_GLAMOUR;STR_MUTANT_COMPLAINT;STR_MUTANT_EGG	65	60	30	40	0	40	40	70	1	5				35	21					
STR_CIVILIAN_TRIBAL_VIP	STR_CIVILIAN		CIV_ARMOR_TRIBAL	builtInWeaponSets	ГРЕНАДЁР/ТЯЖЁЛОЕ(пуск.устройство);МЕДИК;ПРОЧЕЕ(bt=2);РУКОПАШНИК;СТРЕЛОК(прочее оружие)	STR_JAVELINS_PRIMITIVE;STR_CHITIN_KNIFE;STR_HEALING_GEL;STR_CANTEEN_WEED;STR_SPEAR;STR_CHITIN_KNIFE;STR_HEALING_GEL;STR_BOW_PRIMITIVE;STR_BOW_H_QUIVER;STR_BOW_H_QUIVER;STR_BOW_H_QUIVER;STR_CHITIN_KNIFE;STR_HEALING_GEL;STR_BOW_PRIMITIVE;STR_BOW_H_QUIVER;STR_BOW_H_QUIVER;STR_CHITIN_KNIFE;STR_HEALING_GEL;STR_HEALING_GEL;STR_CANTEEN_WEED;STR_STONE_AX;STR_BLOWPIPE;STR_BLOWPIPE_DARTS_ACID;STR_BLOWPIPE_DARTS_ACID;STR_BLOWPIPE_DARTS_ACID;STR_HEALING_GEL	75	60	30	55	0	50	45	70	1	5				35	21			True		
STR_CIVILIAN_UBER_COWBOY	STR_CIVILIAN		CIV_ARMOR_UBER_COWBOY	builtInWeaponSets	ДРОБОВИК(ближний бой);МЕДИК;НЕТ_ОРУЖИЯ(BT_NONE);ОСВЕТИТЕЛЬ(FLARE);ПРОЧЕЕ(bt=2);РУКОПАШНИК;СТРЕЛОК(винтовка);СТРЕЛОК(пистолет)	STR_WINCHESTER;STR_WINCHESTER_AMMO;STR_WINCHESTER_AMMO;STR_WINCHESTER_AMMO;STR_CIGS;STR_BANDAGE;STR_MUTANT_COMPLAINT;STR_DB_SHOTGUN;STR_BUCKSHOT;STR_BUCKSHOT;STR_BUCKSHOT;STR_BUCKSHOT;STR_BUCKSHOT;STR_BEER;STR_VODKA;STR_BANDAGE;STR_MUTANT_COMPLAINT;STR_KNOIF;STR_OLD_MAGNUM;STR_OLD_MAGNUM_ROUNDS;STR_OLD_MAGNUM_ROUNDS;STR_BEER;STR_MUTANT_COMPLAINT;STR_AX;STR_REVOLVER;STR_REVOLVER_DRUM;STR_REVOLVER_DRUM;STR_CANTEEN;STR_CIGS;STR_MUTANT_COMPLAINT;STR_RIFLE_AK;STR_RIFLE_AK_CLIP;STR_RIFLE_AK_CLIP;STR_CIGS;STR_VODKA;STR_SECTOWEED;STR_MUTANT_COMPLAINT	65	60	60	75	0	35	80	70	1	4				45	22					
STR_CLEANING_DRONE	STR_WAR_MACHINES		DRONE_ARMOR_C1	builtInWeapons	НЕТ_ОРУЖИЯ(BT_NONE);ОСВЕТИТЕЛЬ(FLARE)	INV_NULL_HAND;INV_NULL_HAND_LIGHT_13	90	30	0	40	0	0	10	110						999	7				True	True
STR_CLICKOR_SOLDIER	STR_RIMRIDERS	STR_LIVE_NAVIGATOR	CLICKOR_ARMOR	meleeWeapon	РУКОПАШНИК	LOBSTER_CLAWS	50	70	55	75	0	15	60	90	1	2	1	25		30	22	True				
STR_CONFEDERATE_AIRBORNE	STR_GOVT	STR_LIVE_NAVIGATOR	CONFEDERATE_AIRBORNE_ARMOR	itemSets(deployment)/none			60	60	80	70	0	50	50	80	2	4	2	25		35	22	True				
STR_CP_VOLUNTEER	STR_GOVT	STR_LIVE_NAVIGATOR	CP_VOLUNTEER_ARMOR	itemSets(deployment)/none			65	60	70	60	0	40	35	70	1	4	2	50		35	22	True				
STR_CYBERDISC_TERRORIST	STR_WAR_MACHINES	STR_LIVE_TERRORIST	CYBERDISC_ARMOR	builtInWeapons	СТРЕЛОК(прочее оружие)	AUX_CYBERDISC_WEAPON	62	64	75	0	0	0	120	110	1	5				50	15					True
STR_CYBERDOG_TERRORIST	STR_BEAST	STR_LIVE_SOLDIER	CYBERDOG_ARMOR	itemSets(deployment)/none			125	90	0	100	0	30	40	110	5	5	2			60	12					True
STR_CYBERSCARAB_DRONE	STR_WAR_MACHINES	STR_LIVE_SOLDIER	STR_CYBERSCARAB_ARMOR	itemSets(deployment)/none			50	100	0	0	0	0	15	110						0	6					
STR_CYBERTURRET_PLASMA	STR_WAR_MACHINES	STR_LIVE_TERRORIST	CYBERTURRET_ARMOR	builtInWeapons	СТРЕЛОК(прочее оружие)	AUX_TEC_6_WEAPON;AUX_TEC_6_WEAPON	40	65	100	0	0	0	125	110	8	1	1	75		20	22					True
STR_CYCLOPS_CONVERT	STR_SLAVE		CYCLOPS_ARMOR	builtInWeapons	СТРЕЛОК(прочее оружие)	AUX_BATTLE_BELL;CYCLOPS_GAZE	36	60	30	25	0	85	175	100							22					True
STR_CYCLOPS_SOLDIER	STR_SG_SERVITOR	STR_LIVE_SOLDIER	CYCLOPS_ARMOR	builtInWeapons	СТРЕЛОК(прочее оружие)	CYCLOPS_GAZE	32	63	30	25	0	80	150	100	2	1	2	25		50	22					True
STR_DAMSEL_SACRIFICE	STR_RACE_HUMAN	STR_LIVE_SOLDIER	DAMSEL_SACRIFICE_ARMOR	builtInWeapons	ГРЕНАДЁР(ГРАНАТА)	STR_TRAP_BLOODLETTER_FEM	1	20	0	0	0	60	40	10						1	23				True	
STR_DAMSEL_VICTIM	STR_RACE_HUMAN	STR_LIVE_SOLDIER	STR_DAMSEL_VICTIM_ARMOR	itemSets(deployment)/none			58	35	30	40	0	50	40	80	0	2				40	21	True				
STR_DANCER_SLAVE	STR_MAGICAL_CREATURES_RACE	STR_LIVE_SOLDIER	DANCER_ARMOR	itemSets(deployment)/none			1	60	0	50	77	100	30	120	0	0				60	22					True
STR_DARK_TROOPER	STR_GOVT	STR_LIVE_NAVIGATOR	DARK_TROOPER_ARMOR	itemSets(deployment)/none			55	55	65	60	0	55	50	110	1	3	1	25		35	22	True				
STR_DEEP_ONE_BERSERKER	STR_DEPTH_DWELLER	STR_LIVE_SOLDIER	DEEP_ONE_ARMOR_P4	meleeWeapon	РУКОПАШНИК	AUX_FISTO	72	45	40	85	0	35	60	110	8	3	1		True	35	22					
STR_DEEP_ONE_NOMAD	STR_DEPTH_DWELLER	STR_LIVE_SOLDIER	DEEP_ONE_ARMOR_P1_SEA	meleeWeapon	РУКОПАШНИК	AUX_FISTO	66	50	55	85	0	45	60	110	2	5	1			40	22					
STR_DEEP_ONE_SOLDIER	STR_DEPTH_DWELLER	STR_LIVE_SOLDIER	DEEP_ONE_ARMOR_P1	meleeWeapon	РУКОПАШНИК	AUX_FISTO	66	40	50	80	0	40	60	110	3	4	1	15		30	22					
STR_DOCTOR_X	STR_RACE_HUMAN	STR_LIVE_COMMANDER	GDX_ARMOR_GRAVBALL	meleeWeapon	РУКОПАШНИК	STR_UNARMED_GAUNTLET_PLUS	90	80	90	125	0	85	110	90	7	9				42	21	True				
STR_DOCTOR_X_A70	STR_RACE_HUMAN		STR_ARMOR_DOCTOR_X_SORCERESS	itemSets(deployment)/none			90	100	130	110	60	110	100	80						50	22	True		True		
STR_DOCTOR_X_KNIGHT_50	STR_RACE_HUMAN		STR_ARMOR_DOCTOR_X_KNIGHT_NUDE	itemSets(deployment)/none			90	100	130	110	60	110	100	80						45	22					
STR_DOCTOR_X_KNIGHT_60	STR_RACE_HUMAN		STR_ARMOR_DOCTOR_X_KNIGHT	itemSets(deployment)/none			90	100	130	110	60	110	100	80						50	22					
STR_DOCTOR_X_VAMPIRE	STR_RACE_VAMPIRE		STR_ARMOR_DOCTOR_X_VAMPIRE	itemSets(deployment)/none			120	90	90	90	100	100	190	100						50	22					
STR_DOGG_TERRORIST	STR_BEAST	STR_LIVE_SOLDIER	DOGG_ARMOR	itemSets(deployment)/none			100	70	0	60	0	30	25	90	3	4	1			40	12	True				True
STR_DOOM_CACODEMON_TERRORIST	STR_DEMON	STR_LIVE_TERRORIST	DOOM_ARMOR_7	builtInWeapons	СТРЕЛОК(прочее оружие)	AUX_DOOM_CACODEMON_WEAPON	50	30	50	40	0	66	400	110	3	4				50	19					True
STR_DOOM_DEMON_TERRORIST	STR_DEMON	STR_LIVE_TERRORIST	DOOM_ARMOR_6	builtInWeapons	РУКОПАШНИК	AUX_DOOM_DEMON_WEAPON	88	20	10	100	0	32	150	110	4	2			True	50	22					True
STR_DOOM_GUNNER	STR_DOOM_HUMAN	STR_LIVE_NAVIGATOR	DOOM_ARMOR_3	meleeWeapon	РУКОПАШНИК	AUX_FISTO	50	65	60	40	0	42	55	110	3	5	1			40	22					
STR_DOOM_HELL_BARON_TERRORIST	STR_DEMON	STR_LIVE_COMMANDER	DOOM_ARMOR_5	builtInWeapons	РУКОПАШНИК;СТРЕЛОК(прочее оружие)	AUX_DOOM_HELL_BARON_WEAPON;STR_GAUNTLET_CLAW	82	60	60	100	0	80	1000	110	3	7				50	25					True
STR_DOOM_IMP_TERRORIST	STR_DEMON	STR_LIVE_NAVIGATOR	DOOM_ARMOR_4	builtInWeapons	РУКОПАШНИК;СТРЕЛОК(прочее оружие)	AUX_DOOM_IMP_WEAPON;AUX_DOOM_IMP_CLAWS	77	60	45	65	0	40	66	110	3	4				50	22					True
STR_DOOM_SARGE	STR_DOOM_HUMAN	STR_LIVE_NAVIGATOR	DOOM_ARMOR_2	meleeWeapon	РУКОПАШНИК	AUX_FISTO	60	40	45	50	0	32	40	110	3	4				38	22					
STR_DOOM_SOLDIER	STR_DOOM_HUMAN	STR_LIVE_SOLDIER	DOOM_ARMOR_1	meleeWeapon	РУКОПАШНИК	AUX_FISTO	55	30	40	30	0	22	30	110	3	2				35	22					
STR_DOOM_SOUL_TERRORIST	STR_DEMON	STR_LIVE_TERRORIST	DOOM_ARMOR_10	builtInWeapons	ОСВЕТИТЕЛЬ(FLARE);РУКОПАШНИК	AUX_DOOM_SOUL_WEAPON;INV_NULL_HAND_LIGHT_15	120	70	25	111	0	30	30	110	8	1			True	50	10					True
STR_DOOM_SPECTRE_TERRORIST	STR_DEMON	STR_LIVE_TERRORIST	DOOM_ARMOR_8	builtInWeapons	РУКОПАШНИК	AUX_DOOM_DEMON_WEAPON	88	100	10	100	0	42	150	110	4	2				50	22					True
STR_DOOM_SPIDERDEMON_TERRORIST	STR_DEMON	STR_LIVE_TERRORIST	DOOM_ARMOR_9	builtInWeapons	СТРЕЛОК(прочее оружие)	AUX_DOOM_SPIDERDEMON_WEAPON	80	65	70	15	0	60	500	110	3	6	1	67		100	22					True
STR_DREADKNIGHT	STR_DEATH_DUNGEON_RACE	STR_LIVE_LEADER	STR_DREADKNIGHT_ARMOR	psiWeapon	ПСИ	AUX_DREADKNIGHT_FEAR	100	65	60	120	80	90	200	100	4	4				50	22	False				
STR_DREAMER_MEDUSA	STR_ZOMBIE	STR_LIVE_TERRORIST	DREAMER_MEDUSA_ARMOR	builtInWeapons	РУКОПАШНИК	AUX_DREAMER_MEDUSA_WEAPON	69	33	0	69	0	90	180	110	4	1				100	18					True
STR_EA_PEACEKEER	STR_GOVT	STR_LIVE_NAVIGATOR	EA_PEACEKEER_ARMOR	itemSets(deployment)/none			55	60	60	50	0	40	45	70	1	4	1	25		35	22	True				
STR_ERIDIAN_BEASTMASTER	STR_ERIDIAN	STR_LIVE_MEDIC	ERIDIAN_ARMOR1	meleeWeapon	РУКОПАШНИК	AUX_FISTO	48	46	58	62	0	45	78	90	2	3	1	50		38	18					
STR_ERIDIAN_FENCER	STR_ERIDIAN	STR_LIVE_TERRORIST	ERIDIAN_ARMOR3	meleeWeapon	РУКОПАШНИК	AUX_FISTO	92	85	55	110	0	42	75	100	6	3			True	45	18					
STR_ERIDIAN_LEADER	STR_ERIDIAN	STR_LIVE_LEADER	ERIDIAN_ARMOR2	meleeWeapon	РУКОПАШНИК	AUX_FISTO	52	50	64	68	0	47	84	100	2	4	2	33		38	18					
STR_ERIDIAN_SOLDIER	STR_ERIDIAN	STR_LIVE_NAVIGATOR	ERIDIAN_ARMOR0	meleeWeapon	РУКОПАШНИК	AUX_FISTO	44	45	58	58	0	40	72	90	3	2	1	33		36	18					
STR_ES_AGENT	STR_GOVT	STR_LIVE_NAVIGATOR	ES_AGENT_ARMOR	itemSets(deployment)/none			85	100	90	80	0	50	75	100	1	5	2	33		40	22	True				
STR_ETHEREAL_CHANCELLOR	STR_ETHEREAL	STR_LIVE_COMMANDER	ETHEREAL_ARMOR5	builtInWeaponSets	СТРЕЛОК(прочее оружие)	AUX_GHOST_BEAM_GRAND	95	120	90	40	90	100	70	110	0	10	1	75		60	20					
STR_ETHEREAL_CHIEF_ENGINEER	STR_ETHEREAL	STR_LIVE_LEADER	ETHEREAL_ARMOR7	builtInWeaponSets	ГРЕНАДЁР(ГРАНАТА);ПРОЧЕЕ(bt=2);СТРЕЛОК(винтовка);СТРЕЛОК(прочее оружие)	STR_PIR_PLASMA_RIFLE;STR_PIR_PLASMA_RIFLE_CLIP;STR_PIR_PLASMA_RIFLE_CLIP;STR_PIR_ALIEN_GRENADE;STR_REMOTE_CONTROL	60	80	70	35	35	75	45	100	0	10	4	75		50	20					
STR_ETHEREAL_COMMANDER	STR_ETHEREAL	STR_LIVE_COMMANDER	ETHEREAL_ARMOR2	livingWeapon(name+_WEAPON)	СТРЕЛОК(прочее оружие)	ETHEREAL_WEAPON	84	110	75	35	90	90	55	100	0	10	-1	50		50	20					True
STR_ETHEREAL_KOSCHEY	STR_ETHEREAL	STR_LIVE_COMMANDER	ETHEREAL_ARMOR4	builtInWeaponSets	РУКОПАШНИК;СТРЕЛОК(прочее оружие)	STR_ENERGY_SCYTHE;STR_DEATH_BLASTER	140	130	85	100	80	100	40	110	2	7	1	75		60	20					
STR_ETHEREAL_LEADER	STR_ETHEREAL	STR_LIVE_LEADER	ETHEREAL_ARMOR1	livingWeapon(name+_WEAPON)	СТРЕЛОК(прочее оружие)	ETHEREAL_WEAPON	70	100	70	30	75	85	50	90	1	8	-1	50		50	20					True
STR_ETHEREAL_NOVICE	STR_ETHEREAL	STR_LIVE_MEDIC	ETHEREAL_ARMOR0	livingWeapon(name+_WEAPON)	СТРЕЛОК(прочее оружие)	ETHEREAL_WEAPON	49	90	65	30	55	80	45	80	0	7	-1	50		50	20					True
STR_ETHEREAL_OPERATOR	STR_ETHEREAL	STR_LIVE_MEDIC	ETHEREAL_ARMOR6	builtInWeaponSets	ГРЕНАДЁР(ГРАНАТА);ПРОЧЕЕ(bt=2);СТРЕЛОК(пистолет)	STR_ELITE_PLASMA_PISTOL;STR_ELITE_PLASMA_PISTOL_CLIP;STR_ELITE_PLASMA_PISTOL_CLIP;STR_PIR_ALIEN_GRENADE;STR_PIR_ALIEN_GRENADE	84	100	82	20	50	70	55	80	0	8	4	100		50	20					
STR_ETHEREAL_SCIENTIST	STR_ETHEREAL	STR_LIVE_MEDIC	ETHEREAL_ARMOR3	itemSets(deployment)/none			74	70	70	20	20	80	45	90	0	8	1	50		50	20					
STR_ETHEREAL_SOLDIER	STR_SG_SERVITOR	STR_LIVE_NAVIGATOR	ETHEREAL_ARMOR_G	itemSets(deployment)/none			66	75	74	50	0	66	55	110	1	6	1	50		50	20					
STR_ETHEREAL_UNDEAD	STR_SHADOWS	STR_LIVE_COMMANDER	ETHEREAL_ARMOR_U	builtInWeaponSets	ПРОЧЕЕ(bt=2);РУКОПАШНИК;СТРЕЛОК(прочее оружие)	AUX_DEMON_SUMMONING;AUX_GHOST_CLAWS;STR_SUMMON_DOOM_SPIDERDEMON_TERRORIST;STR_SUMMON_DOOM_CACODEMON;STR_SUMMON_DOOM_HELL_BARON	85	90	100	50	60	75	20	110	2	10	1	100		50	8					
STR_EXPANSE_CHEMTROOPER	STR_GOVT	STR_LIVE_NAVIGATOR	EXPANSE_CHEMTROOPER_ARMOR	itemSets(deployment)/none			50	35	65	40	0	50	50	80	0	4	2	50		35	22	True				
STR_FIELD_GUN_TERRORIST	STR_RACE_HUMAN	STR_LIVE_TERRORIST	FIELD_GUN_ARMOR	builtInWeapons	СТРЕЛОК(прочее оружие)	AUX_TANK_AC25MM_WEAPON	40	25	60	0	0	60	60	90	0	4	2	75		1	18					True
STR_FLOATER_COMMANDER	STR_FLOATER	STR_LIVE_COMMANDER	FLOATER_ARMOR2	itemSets(deployment)/none			60	66	63	76	0	45	45	80	0	8					21					
STR_FLOATER_ENGINEER	STR_FLOATER	STR_LIVE_ENGINEER	FLOATER_ARMOR0	itemSets(deployment)/none			50	50	50	70	0	35	35	80	2	7					21					
STR_FLOATER_LEADER	STR_FLOATER	STR_LIVE_LEADER	FLOATER_ARMOR1	itemSets(deployment)/none			55	60	60	70	0	40	40	80	0	8					21					
STR_FLOATER_MEDIC	STR_FLOATER	STR_LIVE_MEDIC	FLOATER_ARMOR0	itemSets(deployment)/none			50	50	50	70	0	35	35	80	1	6					21					
STR_FLOATER_NAVIGATOR	STR_FLOATER	STR_LIVE_NAVIGATOR	FLOATER_ARMOR0	itemSets(deployment)/none			50	50	50	70	0	35	35	80	2	5					21					
STR_FLOATER_SOLDIER	STR_FLOATER	STR_LIVE_SOLDIER	FLOATER_ARMOR0	itemSets(deployment)/none			50	50	50	70	0	35	35	80	2	4					21					
STR_GHOST_GAL	STR_GHOST	STR_LIVE_SOLDIER	GHOST_0_ARMOR	builtInWeapons	ОСВЕТИТЕЛЬ(FLARE);СТРЕЛОК(прочее оружие)	AUX_HAND_LIGHT;AUX_GHOST_SEDUCTION	80	50	30	30	0	50	25	100	1	2				250	22					True
STR_GIANTSPIDER_QUEEN	STR_BEAST	STR_LIVE_LEADER	STR_GIANTSPIDER_QUEEN_ARMOR	itemSets(deployment)/none			80	60	0	70	0	50	180	100	3	2	1			40	20					True
STR_GIANTSPIDER_TERRORIST	STR_BEAST	STR_LIVE_SOLDIER	GIANTSPIDER_ARMOR	itemSets(deployment)/none			75	70	0	80	0	40	40	110	3	1				40	14					True
STR_GIANT_BEETLE_TERRORIST	STR_BEAST	STR_LIVE_SOLDIER	GIANT_BEETLE_ARMOR	builtInWeapons	РУКОПАШНИК	AUX_GIANT_BEETLE_WEAPON	48	50	0	70	0	30	25	70	2	1				35	12					True
STR_GIANT_RAT_TERRORIST	STR_BEAST	STR_LIVE_SOLDIER	GIANT_RAT_ARMOR	builtInWeapons	РУКОПАШНИК	AUX_RATT_WEAPON	70	85	0	65	0	35	20	70	2	3				50	10					True
STR_GNOME_ARMORED	STR_MAGICAL_CREATURES_RACE	STR_LIVE_ENGINEER	GNOME_ARMOR_X2	builtInWeapons	ГРЕНАДЁР(ГРАНАТА);МЕДИК;НЕТ_ОРУЖИЯ(BT_NONE);ОСВЕТИТЕЛЬ(FLARE);ПРОЧЕЕ(bt=2);РУКОПАШНИК;СТРЕЛОК(прочее оружие)	AUX_GNOME_CANNON;AUX_DRILL;STR_CHOCOLATE;STR_CHOCOLATE;STR_CHOCOLATE;STR_CHOCOLATE;STR_CHOCOLATE;STR_CHOCOLATE;STR_DYNAMITE;STR_GNOME_BLUEPRINTS;STR_ESOTERICA;STR_COINS;STR_HC_BS_AMMO;STR_HC_BS_AMMO;STR_HC_BS_AMMO;STR_HC_BS_AMMO;STR_HC_BS_AMMO	52	50	75	65	0	80	52	150	0	8	3	50		30	22	True				True
STR_GOLDEN_SAINT_1	STR_SHADOWS	STR_LIVE_LEADER	GOLDEN_SAINT_1_ARMOR	builtInWeapons	ПСИ;СТРЕЛОК(прочее оружие)	AUX_GOLDEN_SAINT_WEAPON;AUX_ENTROPY_BLAST	80	100	70	90	60	110	175	100	1	8				100	22	False	STR_GOLDEN_SAINT_2			True
STR_GOLDEN_SAINT_2	STR_SHADOWS	STR_LIVE_LEADER	GOLDEN_SAINT_2_ARMOR	builtInWeapons	ПСИ;СТРЕЛОК(прочее оружие)	AUX_GOLDEN_SAINT_WEAPON;AUX_ENTROPY_BLAST	110	100	70	90	70	110	250	100	2	8				100	22	False				True
STR_GOVT_AGENT	STR_GOVT	STR_LIVE_MEDIC	GOVT_ARMOR_P1	itemSets(deployment)/none			65	60	80	65	0	50	35	80	1	6	2	20		35	22	True				
STR_GOVT_ARMORED_CAR	STR_WAR_MACHINES	STR_LIVE_TERRORIST	ARMORED_CAR_GOVT_ARMOR	builtInWeapons	СТРЕЛОК(прочее оружие)	AUX_TANK_HMG_WEAPON	175	25	60	0	0	90	75	110	2	5	2	25		999	21					True
STR_GOVT_DETECTIVE_CIV	STR_GOVT	STR_LIVE_LEADER	GOVT_ARMOR_P9	builtInWeaponSets	ГРЕНАДЁР(ГРАНАТА);ДРОБОВИК(ближний бой);МЕДИК;НЕТ_ОРУЖИЯ(BT_NONE);ОСВЕТИТЕЛЬ(FLARE);ПРОЧЕЕ(bt=2);СТРЕЛОК(винтовка);СТРЕЛОК(пистолет)	STR_CREDIT_CHIP_D;STR_CRACK;STR_SHOTGUN;STR_SHOTGUN_SHELLS;STR_SHOTGUN_SHELLS;STR_SHOTGUN_SHELLS;STR_SHOTGUN_SHELLS;STR_NEUTRAL_SPAWN_TU_RESTORER_50;STR_CREDIT_CHIP_D;STR_BEER;STR_CIGS;STR_GOVT_MAGNUM;STR_OLD_MAGNUM_ROUNDS;STR_OLD_MAGNUM_ROUNDS;STR_OLD_MAGNUM_ROUNDS;STR_OLD_MAGNUM_ROUNDS;STR_NEUTRAL_SPAWN_TU_RESTORER_50;STR_CREDIT_CHIP_D;STR_BANDAGE;STR_BEER;STR_REVOLVER_POLICE;STR_REVOLVER_DRUM;STR_REVOLVER_DRUM;STR_REVOLVER_DRUM;STR_DETECITIVE_PAPERS;STR_NEUTRAL_SPAWN_TU_RESTORER_50;STR_CREDIT_CHIP_D;STR_BANDAGE;STR_WINCHESTER;STR_WINCHESTER_AMMO;STR_WINCHESTER_AMMO;STR_NEUTRAL_SPAWN_TU_RESTORER_50;STR_CREDIT_CHIP_D;STR_BANDAGE;STR_GOVT_CORPSE;STR_REVOLVER_LT;STR_REVOLVER_LT_DRUM;STR_REVOLVER_LT_DRUM;STR_REVOLVER_LT_DRUM;STR_DETECITIVE_PAPERS;STR_NEUTRAL_SPAWN_TU_RESTORER_50	55	55	65	55	0	60	45	70	0	6				30	22					
STR_GOVT_ELITE	STR_GOVT	STR_LIVE_MEDIC	GOVT_ARMOR_P3	itemSets(deployment)/none			60	75	90	70	0	55	50	90	1	6	3	75		40	22	True				
STR_GOVT_ELITE_CIV	STR_GOVT	STR_LIVE_MEDIC	GOVT_ARMOR_P3	builtInWeaponSets	ГРЕНАДЁР(ГРАНАТА);ГРЕНАДЁР/ТЯЖЁЛОЕ(пуск.устройство);МЕДИК;ПРОЧЕЕ(bt=2);СНАЙПЕР;СТРЕЛОК(винтовка)	STR_PIR_ALIEN_GRENADE;STR_LASER_RIFLE_PIR;STR_LASER_RIFLE_CLIP_HI;STR_LASER_RIFLE_CLIP_HI;STR_BANDAGE;STR_NEUTRAL_SPAWN_TU_RESTORER_50;STR_PIR_ALIEN_GRENADE;STR_HEAVY_CANNON;STR_HC_PS_AMMO;STR_HC_PS_AMMO;STR_HC_PS_AMMO;STR_BANDAGE;STR_NEUTRAL_SPAWN_TU_RESTORER_50;STR_PIR_ALIEN_GRENADE;STR_HEAVY_LASER_PIR;STR_HEAVY_LASER_CLIP_HI;STR_HEAVY_LASER_CLIP_HI;STR_BANDAGE;STR_NEUTRAL_SPAWN_TU_RESTORER_50;STR_PIR_ALIEN_GRENADE;STR_SNIPER_RIFLE;STR_SNIPER_RIFLE_CLIP_PS;STR_SNIPER_RIFLE_CLIP_PS;STR_SNIPER_RIFLE_CLIP_PS;STR_BANDAGE;STR_NEUTRAL_SPAWN_TU_RESTORER_50;STR_ROCKET_LAUNCHER;STR_NUKE_ROCKET;STR_NUKE_ROCKET;STR_NUKE_ROCKET;STR_NEUTRAL_SPAWN_TU_RESTORER_50	60	75	90	70	0	55	50	90	1	6	3	75		40	22					
STR_GOVT_ENFORCER	STR_GOVT	STR_LIVE_NAVIGATOR	GOVT_ARMOR_P2	itemSets(deployment)/none			55	50	75	50	0	50	35	70	1	6	2	50		30	22	True				
STR_GOVT_ENFORCER_CIV	STR_GOVT	STR_LIVE_NAVIGATOR	GOVT_ARMOR_P2	builtInWeaponSets	ГРЕНАДЁР(ГРАНАТА);ГРЕНАДЁР/ТЯЖЁЛОЕ(пуск.устройство);МЕДИК;ПРОЧЕЕ(bt=2);ПУЛЕМЁТЧИК/АВТОМАТ;СТРЕЛОК(винтовка)	STR_GRENADE_FRAG;STR_INFANTRY_LASER;STR_HUNTING_LASER_CLIP;STR_HUNTING_LASER_CLIP;STR_HUNTING_LASER_CLIP;STR_BANDAGE;STR_NEUTRAL_SPAWN_TU_RESTORER_50;STR_GRENADE_FRAG;STR_HYDRA_LASER;STR_HYDRA_LASER_CLIP;STR_HYDRA_LASER_CLIP;STR_BANDAGE;STR_NEUTRAL_SPAWN_TU_RESTORER_50;STR_GRENADE_FRAG;STR_RAIL_RIFLE_OLD;STR_RAIL_RIFLE_OLD_CLIP;STR_RAIL_RIFLE_OLD_CLIP;STR_BANDAGE;STR_NEUTRAL_SPAWN_TU_RESTORER_50;STR_GRENADE_FRAG;STR_WYVERN_PLASMA_GUN;STR_PIR_PLASMA_RIFLE_CLIP;STR_NEUTRAL_SPAWN_TU_RESTORER_50;STR_GRENADE_LAUNCHER;STR_GL_NUKE;STR_GL_NUKE;STR_GL_NUKE;STR_GL_NUKE;STR_GL_NUKE;STR_GL_NUKE;STR_NEUTRAL_SPAWN_TU_RESTORER_50	55	50	75	50	0	50	35	70	1	6	2	50		30	22					
STR_GOVT_EXTERMINATOR	STR_GOVT	STR_LIVE_MEDIC	GOVT_ARMOR_P8	builtInWeaponSets	ДРОБОВИК(ближний бой);ДЫМ/ГРАНАТА-ДЫМОВАЯ;ПРОЧЕЕ(bt=2);СТРЕЛОК(прочее оружие)	AUX_EXTERMINATOR_AUTO_CANNON;STR_AC_CRY_AMMO;STR_AC_I_AMMO;STR_GAS_GRENADE;STR_GAS_GRENADE;STR_GAS_GRENADE;STR_GAS_BOMB;STR_CRY_GRENADE;STR_CRY_GRENADE;STR_CRY_GRENADE;STR_SAWED_OFF;STR_BUCKSHOT;STR_BUCKSHOT;STR_BUCKSHOT	50	50	75	60	0	60	60	90	1	5	2	33		30	22	True		True		
STR_GOVT_GENERAL	STR_GOVT	STR_LIVE_COMMANDER	GOVT_ARMOR_P6	itemSets(deployment)/none			50	50	65	30	0	60	45	90	1	6	2	75		30	22	True				
STR_GOVT_GENERAL_CIV	STR_GOVT	STR_LIVE_COMMANDER	GOVT_ARMOR_P6	builtInWeaponSets	ГРЕНАДЁР(ГРАНАТА);ДРОБОВИК(ближний бой);ПРОЧЕЕ(bt=2);ПУЛЕМЁТЧИК/АВТОМАТ;СТРЕЛОК(винтовка);СТРЕЛОК(пистолет)	STR_GAUSS_PISTOL;STR_GAUSS_PISTOL_CLIP;STR_GAUSS_PISTOL_CLIP;STR_GAUSS_PISTOL_CLIP;STR_GAUSS_PISTOL_CLIP;STR_NEUTRAL_SPAWN_TU_RESTORER_50;STR_PIR_PLASMA_PISTOL;STR_PIR_PLASMA_PISTOL_CLIP;STR_PIR_PLASMA_PISTOL_CLIP;STR_NEUTRAL_SPAWN_TU_RESTORER_50;STR_BOOM_GUN;STR_BOOM_AMMO;STR_BOOM_AMMO;STR_NEUTRAL_SPAWN_TU_RESTORER_50;STR_HUNTING_LASER;STR_HUNTING_LASER_CLIP;STR_HUNTING_LASER_CLIP;STR_HUNTING_LASER_CLIP;STR_HUNTING_LASER_CLIP;STR_NEUTRAL_SPAWN_TU_RESTORER_50;STR_MINIGUN;STR_MINIGUN_AMMO_PS;STR_NEUTRAL_SPAWN_TU_RESTORER_50	50	50	65	30	0	60	45	90	1	6	2	75		30	22					
STR_GOVT_MP	STR_GOVT	STR_LIVE_NAVIGATOR	GOVT_ARMOR_P5	itemSets(deployment)/none			50	40	55	50	0	40	55	70	1	4				30	22	True				
STR_GOVT_MP_CIV	STR_GOVT	STR_LIVE_NAVIGATOR	GOVT_ARMOR_P5	builtInWeaponSets	ГРЕНАДЁР(ГРАНАТА);ГРЕНАДЁР/ТЯЖЁЛОЕ(пуск.устройство);ДРОБОВИК(ближний бой);МЕДИК;ПРОЧЕЕ(bt=2);ПУЛЕМЁТЧИК/АВТОМАТ;СТРЕЛОК(винтовка);СТРЕЛОК(прочее оружие)	STR_GRENADE_FRAG;STR_RIFLE;STR_RIFLE_CLIP;STR_RIFLE_CLIP;STR_BANDAGE;STR_NEUTRAL_SPAWN_TU_RESTORER_50;STR_GRENADE_FRAG;STR_SHOTGUN;STR_SHOTGUN_SHELLS_AP;STR_SHOTGUN_SHELLS_AP;STR_SHOTGUN_SHELLS_AP;STR_BANDAGE;STR_NEUTRAL_SPAWN_TU_RESTORER_50;STR_GRENADE_FRAG;STR_FLAMETHROWER;STR_FLAMETHROWER_CLIP;STR_FLAMETHROWER_CLIP;STR_NEUTRAL_SPAWN_TU_RESTORER_50;STR_LMG;STR_LMG_CLIP;STR_LMG_CLIP;STR_NEUTRAL_SPAWN_TU_RESTORER_50;STR_RPG;STR_SMALL_ROCKET;STR_SMALL_ROCKET;STR_SMALL_ROCKET;STR_NEUTRAL_SPAWN_TU_RESTORER_50	50	40	55	50	0	40	55	70	1	4				30	22					
STR_GOVT_PILOT	STR_GOVT	STR_LIVE_ENGINEER	GOVT_ARMOR_P4	itemSets(deployment)/none			65	65	55	30	0	50	35	70	1	6				35	22	True				
STR_GOVT_ROGUE_COLONEL	STR_GOVT	STR_LIVE_LEADER	GOVT_ARMOR_P10	itemSets(deployment)/none			80	80	100	85	0	60	55	90	2	7	-1	50		45	22	True				
STR_GOVT_ROGUE_OFFICER	STR_GOVT	STR_LIVE_LEADER	GOVT_ARMOR_P11	itemSets(deployment)/none			65	65	90	75	0	52	52	80	2	6	3	50		40	22	True				
STR_GOVT_SIREN	STR_GOVT	STR_LIVE_MEDIC	GOVT_ARMOR_P7	itemSets(deployment)/none			75	55	65	60	50	70	60	90	1	5	2	33		45	22	True				
STR_GUILD_ATTENDANT	STR_FLOATER	STR_LIVE_SOLDIER	HUMAN_ARMOR_STEWARDESS	itemSets(deployment)/none			55	35	35	30	0	40	30	60	0	4				25	22	True				
STR_GUILD_COMMANDER	STR_FLOATER	STR_LIVE_COMMANDER	FLOATER_ARMOR_P6	itemSets(deployment)/none			60	65	70	60	0	40	55	80	0	8				50	22	True				
STR_GUILD_ENGINEER	STR_FLOATER	STR_LIVE_ENGINEER	FLOATER_ARMOR_P4	builtInWeaponSets	НЕТ_ОРУЖИЯ(BT_NONE);ОСВЕТИТЕЛЬ(FLARE)	STR_CREDIT_CHIP_00;STR_ARC_WELDER;STR_CREDIT_CHIP_00;STR_CREDIT_CHIP_00;STR_CREDIT_CHIP_00	65	40	55	40	0	50	50	60	1	7				30	22	True				
STR_GUILD_EXTERMINATOR	STR_FLOATER	STR_LIVE_SOLDIER	FLOATER_ARMOR_P8	itemSets(deployment)/none			60	40	50	35	0	40	35	70	2	4	1	25		35	22	True				
STR_GUILD_GUARD	STR_FLOATER	STR_LIVE_NAVIGATOR	FLOATER_ARMOR_P9	itemSets(deployment)/none			55	35	50	30	0	36	35	60	1	4				30	22	True				
STR_GUILD_LEADER	STR_FLOATER	STR_LIVE_LEADER	FLOATER_ARMOR_P5	itemSets(deployment)/none			55	45	45	25	0	55	35	70	0	8	1			30	22	True				
STR_GUILD_MEDIC	STR_FLOATER	STR_LIVE_MEDIC	FLOATER_ARMOR_P15	itemSets(deployment)/none			50	50	50	50	0	60	40	80	1	6				35	22	True				
STR_GUILD_NAVIGATOR	STR_FLOATER	STR_LIVE_COMMANDER	FLOATER_ARMOR_P14	itemSets(deployment)/none			50	75	60	50	40	75	55	90	0	8	3			30	22	True				
STR_GUILD_PILOT	STR_FLOATER	STR_LIVE_ENGINEER	HUMAN_ARMOR_SAILOR	itemSets(deployment)/none			60	45	45	40	0	45	30	70	0	5				25	22	True				
STR_GUILD_SHIP_OFFICER	STR_FLOATER	STR_LIVE_LEADER	FLOATER_ARMOR_P13	itemSets(deployment)/none			60	60	60	65	0	65	45	80	1	6	2			35	22	True				
STR_GUILD_SOLDIER	STR_FLOATER	STR_LIVE_SOLDIER	FLOATER_ARMOR_P1	itemSets(deployment)/none			55	20	40	30	0	35	40	50	1	3				30	22	True				
STR_GUILD_SPACEMAN	STR_FLOATER	STR_LIVE_SOLDIER	FLOATER_ARMOR_P11	itemSets(deployment)/none			75	40	45	40	0	45	30	60	1	4				30	22	True				
STR_GUILD_SPACE_TECH	STR_FLOATER	STR_LIVE_ENGINEER	FLOATER_ARMOR_P12	itemSets(deployment)/none			50	25	40	35	0	40	45	60	0	3				30	22	True				
STR_GUILD_TEAM_LEADER	STR_FLOATER	STR_LIVE_LEADER	FLOATER_ARMOR_P10	itemSets(deployment)/none			55	45	30	25	0	33	35	80	1	4	1			25	22	True				
STR_HALF_UBER_GIRL	STR_HUMAN		ARMOR_HALF_UBER_GIRL	builtInWeaponSets	ГРЕНАДЁР/ТЯЖЁЛОЕ(пуск.устройство);ДРОБОВИК(ближний бой);ПРОЧЕЕ(bt=2);ПУЛЕМЁТЧИК/АВТОМАТ;СТРЕЛОК(винтовка)	STR_FLINTLOCK_MUSKET;STR_FLINTLOCK_BALLS;STR_FLINTLOCK_BALLS;STR_FLINTLOCK_BALLS;STR_XBOW;STR_XBOW_QUIVER;STR_XBOW_QUIVER;STR_SHOTGUN_G;STR_SHOTGUN_G_SHELLS;STR_SHOTGUN_G_SHELLS;STR_SHOTGUN_G_SHELLS;STR_SHOTGUN_G_SHELLS;STR_MINI_CANNON;STR_SL_HE;STR_SL_HE;STR_SL_HE;STR_SL_HE;STR_SL_HE;STR_ROTOGUN;STR_ROTOGUN_AMMO	65	80	65	50	0	35	55	50	1	3	1	25			21	True		True		
STR_HALLUCINOID_TERRORIST	STR_MONSTER_RACE	STR_LIVE_TERRORIST	HALLUCINOID_ARMOR	builtInWeapons	ПСИ;РУКОПАШНИК	AUX_HALLUCINOID_TENTACLE;AUX_HALLUCINOID_PSI_WEAPON	62	50	30	80	66	96	120	100	0	3					23					True
STR_HANABU_TERRORIST	STR_WAR_MACHINES	STR_LIVE_TERRORIST	STR_HANABU_ARMOR	builtInWeapons	СТРЕЛОК(прочее оружие)	AUX_HANABU_WEAPON	60	45	65	70	0	90	150	110	2	5				50	16					True
STR_HIGHWAYMAN_QUAD	STR_BANDIT	STR_LIVE_TERRORIST	STR_QUAD_ARMOR_BLACK	builtInWeapons	СТРЕЛОК(прочее оружие)	AUX_PAINBRINGER	250	35	55	0	0	45	90	90	3	4	2			999	21					True
STR_HITLUR	STR_GHOST	STR_LIVE_NAVIGATOR	STR_HITLUR_ARMOR	builtInWeapons	СТРЕЛОК(прочее оружие)	AUX_DEADLY_CHARM	45	50	50	30	77	66	45	110	3	2				250	22	False				True
STR_HOLOGAL	STR_HOLOGAL		HOLOGAL_ARMOR	builtInWeapons	ОСВЕТИТЕЛЬ(FLARE)	AUX_LIGHT_15	1	0	0	0	0	0	3	110	0	0				1	22					True
STR_HUBBOLOGIST	STR_GOVT	STR_LIVE_NAVIGATOR	HUBBOLOGIST_ARMOR	itemSets(deployment)/none			60	60	50	55	0	35	40	80	2	3				35	22	True				
STR_HUMAN_CITY_GIRL	STR_RACE_HUMAN	STR_LIVE_SOLDIER	HUMAN_ARMOR_F8	itemSets(deployment)/none			70	50	35	45	0	38	35	50	1	4	2			30	22	True				
STR_HUMAN_CLERK	STR_RACE_HUMAN	STR_LIVE_SOLDIER	HUMAN_ARMOR_M13	itemSets(deployment)/none			55	30	30	40	0	45	35	60	1	2				20	22	True				
STR_HUMAN_CLERK_CORRUPT	STR_RACE_HUMAN	STR_LIVE_SOLDIER	HUMAN_ARMOR_M13	itemSets(deployment)/none			55	30	30	40	0	45	35	60	1	2				20	22	True				
STR_HUMAN_FATMAN	STR_RACE_HUMAN	STR_LIVE_SOLDIER	HUMAN_ARMOR_M5	itemSets(deployment)/none			40	25	30	15	0	35	35	30	0	1				10	22	True				
STR_HUMAN_FEMALE_4	STR_RACE_HUMAN	STR_LIVE_SOLDIER	HUMAN_ARMOR_F4	itemSets(deployment)/none			55	30	35	40	0	45	30	40	0	3				25	22	True				
STR_HUMAN_GOLDEN_BOY	STR_RACE_HUMAN	STR_LIVE_SOLDIER	HUMAN_ARMOR_M14	builtInWeaponSets	ГРЕНАДЁР(ГРАНАТА);МЕДИК;НЕТ_ОРУЖИЯ(BT_NONE);ОСВЕТИТЕЛЬ(FLARE)	STR_MONEY_PURSE;STR_SECTOWEED;STR_CRACK;STR_PAINKILLERS;STR_MONEY_PURSE;STR_SECTOWEED;STR_SECTOWEED;STR_MONEY_PURSE;STR_CRACK;STR_SECTOWEED;STR_GOLD_BAR;STR_MONEY_PURSE;STR_SECTOWEED;STR_SECTOWEED;STR_CRACK;STR_CRACK;STR_COMBAT_DRUGS;STR_CASH_BAG;STR_CRACK;STR_INCENDIARY_GRENADE	60	60	30	50	0	30	35	70	3	2				30	22	True				
STR_HUMAN_HOE	STR_RACE_HUMAN	STR_LIVE_SOLDIER	HOE_ARMOR_P1	itemSets(deployment)/none			50	40	30	30	0	30	30	50	1	2				25	21	True				
STR_HUMAN_LABOURER	STR_RACE_HUMAN	STR_LIVE_SOLDIER	HUMAN_ARMOR_M6	itemSets(deployment)/none			50	30	30	30	0	45	35	40	0	2				22	22	True				
STR_HUMAN_LABOURER_FEM	STR_RACE_HUMAN	STR_LIVE_SOLDIER	HUMAN_ARMOR_F7	itemSets(deployment)/none			50	30	30	30	0	45	35	40	0	2				22	22	True				
STR_HUMAN_MALE_3	STR_RACE_HUMAN	STR_LIVE_SOLDIER	HUMAN_ARMOR_M3	itemSets(deployment)/none			55	30	40	40	0	40	40	40	1	3				22	22	True				
STR_HUMAN_MASTER	STR_RACE_HUMAN	STR_LIVE_COMMANDER	HUMAN_ARMOR_M10	itemSets(deployment)/none			50	45	50	50	55	75	50	80	0	7	-1	25		25	22	True				
STR_HUMAN_NOBLEWOMAN	STR_RACE_HUMAN	STR_LIVE_COMMANDER	HUMAN_ARMOR_F11	itemSets(deployment)/none			55	40	60	60	35	70	45	70	0	5	2			22	22	True				
STR_HUMAN_NOMAD	STR_RACE_HUMAN	STR_LIVE_NAVIGATOR	SOLDIER_ARMOR_P1	itemSets(deployment)/none			70	60	70	80	0	55	50	80	1	5	2	33		45	22	True				
STR_HUMAN_SHARP_GIRL	STR_RACE_HUMAN	STR_LIVE_SOLDIER	HUMAN_ARMOR_F12	builtInWeaponSets	МЕДИК	STR_KALTES_KLARES;STR_KALTES_KLARES	52	35	35	30	0	40	30	40	1	3				30	22	True				
STR_HUMAN_SHARP_GUY	STR_RACE_HUMAN	STR_LIVE_SOLDIER	HUMAN_ARMOR_M9	itemSets(deployment)/none			55	40	35	30	0	35	35	50	1	3				25	22	True				
STR_HUMAN_SOLDIER_COMMANDO	STR_RACE_HUMAN	STR_LIVE_NAVIGATOR	SOLDIER_ARMOR_P0	itemSets(deployment)/none			65	80	95	65	0	50	45	80	1	6	3	50		40	22	True				
STR_HWP_SENTRY_SPIKE	STR_WAR_MACHINES		HWP_SENTRY_LAUNCHER_ARMOR	itemSets(deployment)/none			3	0	60	0	0	200	50	120							16					
STR_IMPERIAL_LEGIONARY	STR_GOVT	STR_LIVE_NAVIGATOR	IMPERIAL_LEGIONARY_ARMOR	itemSets(deployment)/none			65	70	85	75	0	45	55	80	2	4	2	25		35	22	True				
STR_JIM_ANGRY	STR_MAGICAL_CREATURES_RACE	STR_LIVE_MEDIC	JIM_ANGRY_ARMOR	builtInWeapons	ПСИ;РУКОПАШНИК	AUX_GHOST_FISTO;AUX_GHOST_FISTO;AUX_SEDUCTION	171	70	70	70	77	125	120	110	2	9				110	22					True
STR_JIM_HAPPY	STR_MAGICAL_CREATURES_RACE	STR_LIVE_MEDIC	JIM_HAPPY_ARMOR	builtInWeapons	ПСИ;РУКОПАШНИК;СТРЕЛОК(прочее оружие)	AUX_TOME_LIGHTNING;AUX_GHOST_FISTO;AUX_SEDUCTION	171	70	70	70	77	125	120	110	2	9				110	22		STR_JIM_ANGRY			True
STR_JUNGLE_GAL	STR_CANNYS	STR_LIVE_NAVIGATOR	JUNGLE_GAL_ARMOR	itemSets(deployment)/none			80	80	30	90	0	55	144	100	2	3				50	21	False				
STR_KILLBOT_HERO	STR_KILLBOT		STR_KILLBOT_ARMOR_UC	itemSets(deployment)/none			110	125	150	110	0	0	90	110							22					
STR_KOBOLD_HUNTRESS	STR_RACE_DRAGONSPAWN	STR_LIVE_NAVIGATOR	ARMOR_KOBOLD_HUNTRESS	itemSets(deployment)/none			75	140	40	80	0	40	37	90	3	4	2	33		60	16	True				
STR_KRAB_TERRORIST	STR_BEAST	STR_LIVE_SOLDIER	KRAB_ARMOR	itemSets(deployment)/none			50	50	0	70	0	15	30	100	0	1				40	10					True
STR_LOBSTERMAN_TERRORIST	STR_DEPTH_DWELLER	STR_LIVE_NAVIGATOR	DEEP_ONE_ARMOR_P6	meleeWeapon	РУКОПАШНИК	LOBSTER_CLAWS	50	25	50	80	0	50	90	100	2	3	1	25		24	22					
STR_LOKNAR_VILLAGER	STR_LOKNAR	STR_LIVE_SOLDIER	CIV_ARMOR_LOKNAR_1	itemSets(deployment)/none			50	70	50	50	0	40	25	60	1	4	1	25		30	16					
STR_LOST_SOUL_FEMALE	STR_DEATH_DUNGEON_RACE	STR_LIVE_SOLDIER	STR_LOST_SOUL_F_ARMOR	itemSets(deployment)/none			40	30	30	30	0	45	80	50	1	1				40	22	True				
STR_LOST_SOUL_MALE	STR_DEATH_DUNGEON_RACE	STR_LIVE_SOLDIER	STR_LOST_SOUL_M_ARMOR	itemSets(deployment)/none			40	30	30	30	0	45	80	50	1	1				40	22	True				
STR_MAGGOT_TERRORIST	STR_DEMON	STR_LIVE_SOLDIER	MAGGOT_ARMOR	itemSets(deployment)/none			45	40	0	72	0	99	54	110	4	1			True	50	12					True
STR_MAGICAL_GIRL	STR_MAGICAL_CREATURES_RACE	STR_LIVE_LEADER	HUMAN_ARMOR_MG	builtInWeapons	ОСВЕТИТЕЛЬ(FLARE);ПСИ	STR_RIBBON;STR_RIBBON;AUX_SEDUCTION	50	40	40	40	44	72	30	60	0	4				30	16	True				
STR_MARSEC_BODYGUARD	STR_MARSEC	STR_LIVE_NAVIGATOR	FLOATER_ARMOR_P3	itemSets(deployment)/none			45	45	80	70	0	45	50	80	2	6	1	50		50	22	True				
STR_MARSEC_HUNTER_DRONE_TERRORIST	STR_WAR_MACHINES	STR_LIVE_SOLDIER	MARSEC_HUNTER_DRONE_ARMOR	builtInWeapons	СТРЕЛОК(прочее оружие)	AUX_ADRONE_WEAPON	200	80	60	0	0	0	25	110	4	3	2			999	11					True
STR_MARSEC_MARINE	STR_MARSEC	STR_LIVE_NAVIGATOR	MARSEC_ARMOR_P0	itemSets(deployment)/none			80	75	110	72	0	44	62	80	2	6	2	33		50	22	True				
STR_MARSEC_MI	STR_MARSEC	STR_LIVE_NAVIGATOR	MARSEC_ARMOR_P1	itemSets(deployment)/none			63	75	110	68	0	44	70	90	2	6	2	33		50	22	True				
STR_MARSEC_SECURITY	STR_MARSEC	STR_LIVE_NAVIGATOR	FLOATER_ARMOR_P2	itemSets(deployment)/none			55	50	70	60	0	38	45	70	2	5	1	33		30	22	True				
STR_MARSEC_SENTRY_DRONE_TERRORIST	STR_WAR_MACHINES	STR_LIVE_SOLDIER	MARSEC_SENTRY_DRONE_ARMOR	builtInWeapons	СТРЕЛОК(прочее оружие)	AUX_HDRONE_WEAPON	60	100	80	0	0	0	50	110	3	2	1	20		999	19					True
STR_MARSEC_TROOPER	STR_MARSEC	STR_LIVE_NAVIGATOR	FLOATER_ARMOR_P7	itemSets(deployment)/none			80	65	90	75	0	55	50	80	1	6	2	50		50	22	True				
STR_MEGAPOL_APEMAN	STR_MEGAPOL	STR_LIVE_SOLDIER	MEGAPOL_ARMOR_P3	itemSets(deployment)/none			90	50	35	80	0	10	110	80	4	1				50	22	True				
STR_MEGAPOL_DETECTIVE	STR_MEGAPOL	STR_LIVE_LEADER	MEGAPOL_ARMOR_P2	itemSets(deployment)/none			65	95	95	95	0	75	55	100	2	5				40	22	True				
STR_MEGAPOL_ENFORCER	STR_MEGAPOL	STR_LIVE_SOLDIER	MEGAPOL_ARMOR_P1	itemSets(deployment)/none			40	40	50	50	0	18	75	80	2	3				30	22	True				
STR_MEGAPOL_MANHACK_TERRORIST	STR_WAR_MACHINES	STR_LIVE_SOLDIER	MANHACK_ARMOR	builtInWeapons	РУКОПАШНИК	AUX_MANHACK_WEAPON	100	70	0	40	0	0	8	110	5	1	1			999	10					True
STR_MEGAPOL_WOLFMAN	STR_MEGAPOL	STR_LIVE_SOLDIER	MEGAPOL_ARMOR_P0	itemSets(deployment)/none			65	45	35	60	0	12	40	80	3	2				50	22	True				
STR_MEGASCORPION_TERRORIST	STR_BEAST	STR_LIVE_SOLDIER	MEGASCORPION_ARMOR	itemSets(deployment)/none			60	80	0	80	0	20	20	80	2	1				30	12					True
STR_MEGAZOMBIE_TERRORIST	STR_ZOMBIE	STR_LIVE_TERRORIST	MEGAZOMBIE_ARMOR	builtInWeapons	РУКОПАШНИК	AUX_ZOMBIE_WEAPON	80	15	0	80	0	100	981	110	8	1			True	80	22					True
STR_MONGORN_TERRORIST	STR_BEAST	STR_LIVE_TERRORIST	STR_MONGORN_ARMOR	builtInWeapons	РУКОПАШНИК;СТРЕЛОК(прочее оружие)	AUX_MONGORN_FISTO;AUX_ROCK_T	82	64	0	65	0	10	100	70	8	1				30	21					True
STR_MSDF_TANK	STR_REBEL		TANK_MSDF_ARMOR	builtInWeapons	СТРЕЛОК(прочее оружие)	AUX_XTANK_AUTOCANNON_WEAPON	100	30	65	0	0	200	75	110	1	4				999	20					True
STR_MUTANT_REAPER	STR_BEAST		REAPER_ARMOR_M	builtInWeapons	СТРЕЛОК(прочее оружие)	AUX_PURPLE_ACID_SPIT	96	78	0	95	0	50	240	100						60	23					
STR_MUTATED_CHUPACABRA_TERRORIST	STR_BEAST	STR_LIVE_SOLDIER	CHUPACABRA_ARMOR_M	itemSets(deployment)/none			115	90	0	85	0	40	30	110	3	3				40	16					True
STR_MUTON_COMMANDER	STR_MUTON	STR_LIVE_COMMANDER	MUTON_ARMOR_P6	builtInWeaponSets	НЕТ_ОРУЖИЯ(BT_NONE)	STR_MERC_BIZCARD;STR_MERC_BIZCARD;STR_MERC_BIZCARD;STR_MERC_BIZCARD;STR_MERC_BIZCARD	100	100	110	150	0	52	200	110	2	7	-1	33		60	22	True				
STR_MUTON_ENGINEER	STR_MUTON	STR_LIVE_ENGINEER	MUTON_ARMOR_P3	builtInWeaponSets	НЕТ_ОРУЖИЯ(BT_NONE)	STR_ARC_WELDER;STR_MERC_BIZCARD;STR_MERC_BIZCARD	65	70	100	90	0	37	115	90	1	6	-1	100		40	22	True				
STR_MUTON_HEAVY	STR_MUTON	STR_LIVE_NAVIGATOR	MUTON_ARMOR_P4	builtInWeapons	РУКОПАШНИК	AUX_POWER_FISTO;AUX_POWER_FISTO	80	45	60	90	0	33	135	100	5	5	-1		True	50	22	True				True
STR_MUTON_LEADER	STR_MUTON	STR_LIVE_LEADER	MUTON_ARMOR_P5	builtInWeaponSets	НЕТ_ОРУЖИЯ(BT_NONE)	STR_MERC_BIZCARD;STR_MERC_BIZCARD;STR_MERC_BIZCARD;STR_MERC_BIZCARD;STR_MERC_BIZCARD	90	85	100	140	0	48	160	100	3	6	-1	33		50	22	True				
STR_MUTON_NAVIGATOR	STR_MUTON	STR_LIVE_NAVIGATOR	MUTON_ARMOR_P2	builtInWeaponSets	НЕТ_ОРУЖИЯ(BT_NONE)	STR_MERC_BIZCARD;STR_MERC_BIZCARD	75	65	80	105	0	32	125	90	2	5	-1	75		50	22	True				
STR_MUTON_SOLDIER	STR_MUTON	STR_LIVE_NAVIGATOR	MUTON_ARMOR_P1	itemSets(deployment)/none			65	60	65	80	0	29	110	80	2	4	-1	50		40	22	True				
STR_MUTON_TRUMAN	STR_SG_SERVITOR	STR_LIVE_NAVIGATOR	STR_MUTON_TRUMAN_ARMOR	itemSets(deployment)/none			88	60	94	78	0	25	180	100	2	4	-1	50		40	21					
STR_MUTON_TRUWOMAN	STR_SG_SERVITOR	STR_LIVE_NAVIGATOR	STR_MUTON_TRUWOMAN_ARMOR	itemSets(deployment)/none			102	96	75	95	0	30	100	90	3	5	-1	50		40	21					
STR_MUTON_ULTRA	STR_SG_SERVITOR	STR_LIVE_NAVIGATOR	MUTON_ARMOR_P7	builtInWeaponSets	ГРЕНАДЁР(ГРАНАТА);ДРОБОВИК(ближний бой);ПРОЧЕЕ(bt=2);РУКОПАШНИК	STR_PIR_HEAVY_BOLTER;STR_PIR_HEAVY_BOLTER_AMMO;STR_PIR_HEAVY_BOLTER_AMMO;STR_PIR_HEAVY_BOLTER_AMMO;STR_PIR_ALIEN_GRENADE;STR_PIR_ALIEN_GRENADE;STR_PIR_ALIEN_GRENADE;STR_PIR_ALIEN_GRENADE;STR_PIR_ALIEN_GRENADE;STR_UNARMED_GAUNTLET_PLUS	120	110	140	170	0	60	250	300	4	9	-1	75		70	22					
STR_NARLOCK_LEADER	STR_NARLOCKS	STR_LIVE_LEADER	ARMOR_NARLOCK_LEADER	builtInWeaponSets	МЕДИК;ОСВЕТИТЕЛЬ(FLARE)	STR_CREDIT_CHIP_00;STR_BANDAGE;STR_CREDIT_CHIP_00;STR_CREDIT_CHIP_M;STR_BANDAGE;STR_CREDIT_CHIP_00;STR_CREDIT_CHIP_00;STR_BANDAGE;STR_CREDIT_CHIP_00;STR_CREDIT_CHIP_01;STR_BANDAGE;STR_CREDIT_CHIP_00;STR_CREDIT_CHIP_02;STR_BANDAGE	50	95	65	60	0	55	29	70	0	6	2	65		40	16	True				
STR_NARLOCK_SOLDIER	STR_NARLOCKS	STR_LIVE_NAVIGATOR	ARMOR_NARLOCK_SOLDIER	itemSets(deployment)/none			50	90	65	55	0	45	25	70	0	4	1	50		40	16	True				
STR_NAZI_BLACK_KNIGHT	STR_NAZIS	STR_LIVE_LEADER	NAZI_ARMOR_P9	builtInWeaponSets	ОСВЕТИТЕЛЬ(FLARE)	STR_YELLOW_GEM;STR_RING;STR_RED_GEM;STR_RING;STR_BLUE_GEM;STR_RING;STR_GREEN_GEM;STR_RING;STR_DIAMOND;STR_RING	88	60	80	115	0	70	100	100	3	6	3			50	22					
STR_NAZI_KKK	STR_NAZIS	STR_LIVE_SOLDIER	NAZI_ARMOR_P7	itemSets(deployment)/none			60	25	45	35	0	32	35	40	1	3				30	22	True				
STR_NAZI_LEADER	STR_NAZIS	STR_LIVE_LEADER	NAZI_ARMOR_P4	itemSets(deployment)/none			70	65	75	75	0	60	45	90	1	6	4	33		40	22	True				
STR_NAZI_MAGE	STR_NAZIS	STR_LIVE_COMMANDER	NAZI_ARMOR_P5	builtInWeaponSets	МЕДИК;ОСВЕТИТЕЛЬ(FLARE)	STR_RING;STR_CIGS;STR_RING;STR_CIGS;STR_RING;STR_CIGS;STR_RING;STR_CIGS;STR_RING;STR_CIGS	50	60	100	75	70	70	60	200	1	6	4	50		40	22	True				
STR_NAZI_SOLDIER	STR_NAZIS	STR_LIVE_NAVIGATOR	NAZI_ARMOR_P1	itemSets(deployment)/none			55	40	50	40	0	36	40	70	2	4	1	25		30	22	True				
STR_NAZI_SS	STR_NAZIS	STR_LIVE_NAVIGATOR	NAZI_ARMOR_P2	itemSets(deployment)/none			65	55	70	55	0	50	60	80	2	5	1	33		40	22	True				
STR_NAZI_STORMTROOPER	STR_NAZIS	STR_LIVE_NAVIGATOR	NAZI_ARMOR_P6	itemSets(deployment)/none			50	45	75	60	0	52	65	90	2	5	1	33		40	22					
STR_NAZI_SUPERSOLDIER	STR_NAZIS	STR_LIVE_NAVIGATOR	NAZI_ARMOR_P8	builtInWeapons	ГРЕНАДЁР(ГРАНАТА);СТРЕЛОК(прочее оружие)	AUX_GAUSS_AC_2;AUX_GAUSS_AC_2;STR_SATCHEL_CHARGE	40	40	80	20	0	66	75	90	2	5	2	33		40	22					
STR_NAZI_WARPSOLDIER	STR_NAZIS	STR_LIVE_NAVIGATOR	NAZI_ARMOR_P10	builtInWeapons	ГРЕНАДЁР(ГРАНАТА);РУКОПАШНИК;СТРЕЛОК(прочее оружие)	AUX_WARP_AC_2;AUX_WARP_BLADE;STR_GRENADE_WARPCORE;STR_GRENADE_WARPCORE;STR_GRENADE_WARPCORE	65	55	80	80	0	72	90	110	3	5	2	33		50	22	False				
STR_NECROPIRATE	STR_CANNYS	STR_LIVE_SOLDIER	NECROPIRATE_ARMOR	itemSets(deployment)/none			55	35	40	60	0	50	121	100	2	2				40	21	False				
STR_NEKOMIMI_RENEGADE	STR_RIMRIDERS	STR_LIVE_NAVIGATOR	NEKOMIMI_RENEGADE_ARMOR	itemSets(deployment)/none			75	80	85	80	0	60	40	80	2	4	2	33		40	22	True				
STR_NINJA_ASSASSIN	STR_NINJA	STR_LIVE_MEDIC	NINJA_ARMOR_4	builtInWeaponSets	НЕТ_ОРУЖИЯ(BT_NONE)	STR_HITAYATE;STR_HITAYATE;STR_HITAYATE;STR_HITAYATE;STR_HITAYATE	110	120	90	100	0	70	75	110	2	7	1	50		50	21	False				
STR_NINJA_ASSAULT	STR_NINJA	STR_LIVE_MEDIC	NINJA_ARMOR_3	builtInWeaponSets	НЕТ_ОРУЖИЯ(BT_NONE)	STR_HITAYATE;STR_HITAYATE;STR_HITAYATE;STR_HITAYATE;STR_HITAYATE	125	100	70	120	0	65	75	100	4	6	3	10		50	21	False				
STR_NINJA_GAL	STR_NINJA	STR_LIVE_NAVIGATOR	NINJA_ARMOR_1	builtInWeaponSets	НЕТ_ОРУЖИЯ(BT_NONE)	STR_HITAYATE;STR_HITAYATE;STR_HITAYATE;STR_HITAYATE;STR_HITAYATE	85	60	55	70	0	35	60	70	1	4	1	33		35	21	True				
STR_NINJA_MEDIC	STR_NINJA	STR_LIVE_MEDIC	NINJA_ARMOR_5	builtInWeaponSets	НЕТ_ОРУЖИЯ(BT_NONE);ОСВЕТИТЕЛЬ(FLARE)	STR_HITAYATE;STR_MEDICAL_SUPPLIES;STR_HITAYATE;STR_MEDICAL_SUPPLIES;STR_HITAYATE;STR_MEDICAL_SUPPLIES;STR_HITAYATE;STR_MEDICAL_SUPPLIES;STR_HITAYATE;STR_MEDICAL_SUPPLIES	100	90	80	110	0	70	100	100	1	6	2	33		60	21	True				
STR_NINJA_WARRIOR	STR_NINJA	STR_LIVE_NAVIGATOR	NINJA_ARMOR_2	builtInWeaponSets	НЕТ_ОРУЖИЯ(BT_NONE)	STR_HITAYATE;STR_HITAYATE;STR_HITAYATE;STR_HITAYATE;STR_HITAYATE	90	90	70	90	0	60	75	90	1	6	2	33		50	21	False				
STR_NORDFED_GUARD	STR_GOVT	STR_LIVE_NAVIGATOR	NORDEFED_GUARD_ARMOR	itemSets(deployment)/none			60	60	70	50	0	55	40	70	0	4	2	50		35	22	True				
STR_NTURRET_14MM	STR_WAR_MACHINES	STR_LIVE_TERRORIST	NTURRET_14MM_ARMOR	itemSets(deployment)/none			32	35	75	0	0	0	200	110	8	0	1	75		1	18					True
STR_NTURRET_PLASMA_GATLING	STR_WAR_MACHINES	STR_LIVE_TERRORIST	NTURRET_PLASMA_GATLING_ARMOR	itemSets(deployment)/none			32	35	75	0	0	0	200	110	8	0	1	75		1	18					True
STR_NUBIRAN_GUARDIAN	STR_NUBIRAN	STR_LIVE_NAVIGATOR	NUBIRAN_ARMOR7	meleeWeapon	РУКОПАШНИК	AUX_FISTO	105	110	130	80	0	60	60	100	2	5	2	50			21					
STR_OGRE_KONVIKT	STR_BANDIT	STR_LIVE_NAVIGATOR	OGRE_KONVIKT_ARMOR	builtInWeaponSets	РУКОПАШНИК;СТРЕЛОК(прочее оружие)	STR_STOP_SIGN;STR_PIPE;STR_ROCK_T;STR_IRON_ROD;STR_MOLOTOV;STR_BATON;STR_ROCK_T;STR_TECH_CLEAVER;STR_ROCK_T	75	50	45	70	0	60	160	100	6	3				40	22	True				
STR_OGRE_WORKER	STR_CIVILIAN		OGRE_WORKER_ARMOR	itemSets(deployment)/none			70	40	45	60	0	60	160	90	1	3				40	22					
STR_OOZE_TERRORIST	STR_MONSTER_RACE	STR_LIVE_SOLDIER	OOZE_ARMOR	itemSets(deployment)/none			40	50	0	50	0	0	130	110	5	1				40	10					True
STR_OSIRON_LAD	STR_OSIRON	STR_LIVE_NAVIGATOR	SECTOID_ARMOR_P10	itemSets(deployment)/none			70	50	40	65	0	50	40	70	3	4				45	22	True				
STR_PARROT_PIR	STR_PARROT		PARROT_ARMOR	itemSets(deployment)/none			120	120	0	55	0	5	10	50						42	10					
STR_PILLBOX_TERRORIST	STR_RACE_HUMAN	STR_LIVE_TERRORIST	PILLBOX_ARMOR	builtInWeapons	ОСВЕТИТЕЛЬ(FLARE);СТРЕЛОК(прочее оружие)	AUX_SPOTLIGHT;AUX_TANK_2MG_WEAPON	100	20	40	0	0	125	120	110	3	4	2	33		1	20					True
STR_PIRATE_CIV	STR_CIVILIAN		ARMOR_PIRATE_CIV	builtInWeaponSets	ГРЕНАДЁР/ТЯЖЁЛОЕ(пуск.устройство);ДРОБОВИК(ближний бой);МЕДИК;ПРОЧЕЕ(bt=2);РУКОПАШНИК;СТРЕЛОК(винтовка);СТРЕЛОК(пистолет)	STR_SHORT_SWORD;STR_FLINTLOCK_PISTOL;STR_FLINTLOCK_BALLS;STR_FLINTLOCK_BALLS;STR_FLINTLOCK_BALLS;STR_FLINTLOCK_BALLS;STR_BEER;STR_CUTLASS;STR_SLUGGA;STR_SLUGGA_AMMO;STR_SLUGGA_AMMO;STR_SLUGGA_AMMO;STR_SLUGGA_AMMO;STR_FLINTLOCK_MUSKET;STR_FLINTLOCK_BALLS;STR_FLINTLOCK_BALLS;STR_FLINTLOCK_BALLS;STR_FLINTLOCK_BALLS;STR_BEER;STR_AGL;STR_AGL_CLIP;STR_BLUNDERBUSS;STR_BLUNDERBUSS_AMMO;STR_BLUNDERBUSS_AMMO;STR_BLUNDERBUSS_AMMO	60	50	50	60	0	40	45	70	2	3				30	21					
STR_PIRATE_TANK_TURRET	STR_WAR_MACHINES	STR_LIVE_TERRORIST	PIRATE_TANK_TURRET_ARMOR	itemSets(deployment)/none			100	30	60	0	0	0	160	110						1	23					True
STR_RAIDER_BOSS	STR_RAIDER	STR_LIVE_LEADER	RAIDER_ARMOR_P4	itemSets(deployment)/none			70	55	55	88	0	32	95	80	2	4	1	25		32	22	True				
STR_RAIDER_BUZZARD	STR_RAIDER	STR_LIVE_MEDIC	RAIDER_ARMOR_P3	itemSets(deployment)/none			95	85	60	85	0	30	65	100	3	3				50	22	True				
STR_RAIDER_FIREBAT	STR_RAIDER	STR_LIVE_COMMANDER	RAIDER_ARMOR_P7	itemSets(deployment)/none			60	65	60	90	0	28	100	100	2	4	1	33		40	22	True				
STR_RAIDER_FLAME_GUARD	STR_RAIDER	STR_LIVE_NAVIGATOR	RAIDER_ARMOR_P9	itemSets(deployment)/none			65	55	65	65	0	35	75	80	1	3		33		40	22	True				
STR_RAIDER_HUMONGOUS	STR_RAIDER	STR_LIVE_NAVIGATOR	RAIDER_ARMOR_P6	itemSets(deployment)/none			65	35	45	80	0	24	130	90	2	2				40	22	True				
STR_RAIDER_MISTRESS	STR_RAIDER	STR_LIVE_LEADER	RAIDER_ARMOR_P8	itemSets(deployment)/none			75	65	50	75	0	55	75	70	0	3	2	50		50	22	True				
STR_RAIDER_MUDDER	STR_RAIDER	STR_LIVE_NAVIGATOR	RAIDER_ARMOR_P10	itemSets(deployment)/none			70	75	60	70	0	33	75	80	0	4	2	33		40	22	True				
STR_RAIDER_SCOUT	STR_RAIDER	STR_LIVE_NAVIGATOR	RAIDER_ARMOR_P1	itemSets(deployment)/none			80	60	45	75	0	25	60	70	2	3	2	25		40	22	True				
STR_RAIDER_SLUDGEBRINGER	STR_RAIDER	STR_LIVE_COMMANDER	RAIDER_ARMOR_P11	itemSets(deployment)/none			50	50	55	60	0	55	165	100	1	3	2	33		35	22	True				
STR_RAIDER_SLUDGER	STR_RAIDER	STR_LIVE_NAVIGATOR	RAIDER_ARMOR_P5	itemSets(deployment)/none			65	55	55	75	0	33	90	80	1	3		25		35	22	True				
STR_RAIDER_THUG	STR_RAIDER	STR_LIVE_NAVIGATOR	RAIDER_ARMOR_P2	itemSets(deployment)/none			75	55	45	75	0	25	70	70	2	3		15		35	22	True				
STR_RAYNERD_VICTIM	STR_REBEL		RAYNERD_ARMOR	builtInWeaponSets	ГРЕНАДЁР(ГРАНАТА);МЕДИК;ОСВЕТИТЕЛЬ(FLARE)	STR_BREACHING_CHARGE;STR_CIGS;STR_MUTANT_COMPLAINT	90	90	80	90	50	80	80	100	1	7				40	21	True				
STR_RCF_TROOPER	STR_GOVT	STR_LIVE_NAVIGATOR	RCF_TROOPER_ARMOR	itemSets(deployment)/none			60	50	55	50	0	50	40	80	1	4	1	30		35	22	True				
STR_RCF_VETERAN	STR_GOVT	STR_LIVE_NAVIGATOR	RCF_VETERAN_ARMOR	itemSets(deployment)/none			60	65	80	70	0	65	50	80	1	5	2	50		35	22	True				
STR_REAPER_CAVALRY_TERRORIST	STR_RATMEN	STR_LIVE_TERRORIST	REAPER_CAVALRY_ARMOR	builtInWeapons	РУКОПАШНИК;СТРЕЛОК(прочее оружие)	AUX_REAPER_WEAPON;AUX_ROTOGUN	78	64	50	80	0	42	160	80	2	3		25		31	23	True				True
STR_REAPER_TERRORIST	STR_BEAST	STR_LIVE_TERRORIST	REAPER_ARMOR	builtInWeapons	РУКОПАШНИК	AUX_REAPER_WEAPON	82	64	0	80	0	35	148	90	2	2				34	23					True
STR_REBEL_BRUTE	STR_REBEL	STR_LIVE_SOLDIER	REBEL_ARMOR_5	builtInWeaponSets	ОСВЕТИТЕЛЬ(FLARE)	STR_MUTANT_COMPLAINT;STR_MUTANT_COMPLAINT;STR_MUTANT_COMPLAINT;STR_MUTANT_COMPLAINT;STR_MUTANT_COMPLAINT	55	35	40	60	0	25	90	90	1	3				20	22	True				
STR_REBEL_BRUTE_CIV	STR_REBEL		REBEL_ARMOR_5	builtInWeaponSets	ГРЕНАДЁР(ГРАНАТА);ДРОБОВИК(ближний бой);ОСВЕТИТЕЛЬ(FLARE);ПРОЧЕЕ(bt=2);ПУЛЕМЁТЧИК/АВТОМАТ;РУКОПАШНИК;СТРЕЛОК(винтовка);СТРЕЛОК(пистолет)	STR_LASER_PISTOL_M;STR_LASER_PISTOL_M_CLIP;STR_LASER_PISTOL_M_CLIP;STR_TECH_CLEAVER;STR_DYNAMITE;STR_MUTANT_COMPLAINT;STR_SHOOTA_MK2;STR_SHOOTA_CLIP;STR_SHOOTA_CLIP;STR_DYNAMITE;STR_MUTANT_COMPLAINT;STR_MINIGUN;STR_MINIGUN_AMMO_PS;STR_DYNAMITE;STR_MUTANT_COMPLAINT;STR_OGRE_SHOTGUN;STR_OGRE_SHOTGUN_SHELLS;STR_OGRE_SHOTGUN_SHELLS;STR_OGRE_SHOTGUN_SHELLS;STR_OGRE_SHOTGUN_SHELLS;STR_OGRE_SHOTGUN_SHELLS;STR_MUTANT_COMPLAINT;STR_NITRO_EXPRESS;STR_NITRO_EXPRESS_CLIP;STR_NITRO_EXPRESS_CLIP;STR_NITRO_EXPRESS_CLIP;STR_NITRO_EXPRESS_CLIP;STR_NITRO_EXPRESS_CLIP;STR_DYNAMITE;STR_MUTANT_COMPLAINT	55	35	40	60	0	25	90	90	1	3				20	22	True				
STR_REBEL_BUGEYE	STR_REBEL	STR_LIVE_SOLDIER	REBEL_ARMOR_3	builtInWeaponSets	ОСВЕТИТЕЛЬ(FLARE)	STR_MUTANT_COMPLAINT;STR_MUTANT_COMPLAINT;STR_MUTANT_COMPLAINT;STR_MUTANT_COMPLAINT;STR_MUTANT_COMPLAINT	55	60	50	30	35	65	30	70	0	6	2	25		20	21	True				
STR_REBEL_BUGEYE_CIV	STR_REBEL		REBEL_ARMOR_3	builtInWeaponSets	ГРЕНАДЁР(ГРАНАТА);МЕДИК;ОСВЕТИТЕЛЬ(FLARE);ПРОЧЕЕ(bt=2);СНАЙПЕР;СТРЕЛОК(винтовка);СТРЕЛОК(пистолет)	STR_AUTO_RIFLE;STR_RIFLE_CLIP_PS;STR_RIFLE_CLIP_PS;STR_GRENADE;STR_MUTANT_COMPLAINT;STR_PISTOL_ADV;STR_PISTOL_ADV_CLIP;STR_PISTOL_ADV_CLIP;STR_FIRST_AID_KIT;STR_GRENADE;STR_MUTANT_COMPLAINT;STR_HUNTING_LASER;STR_HUNTING_LASER_CLIP;STR_HUNTING_LASER_CLIP;STR_GRENADE;STR_MUTANT_COMPLAINT;STR_HUNTING_RIFLE_ADV;STR_HUNTING_RIFLE_CLIP_PS;STR_HUNTING_RIFLE_CLIP_PS;STR_HUNTING_RIFLE_CLIP_PS;STR_MUTANT_COMPLAINT;STR_RAIL_RIFLE_OLD;STR_RAIL_RIFLE_OLD_CLIP;STR_RAIL_RIFLE_OLD_CLIP;STR_MUTANT_COMPLAINT	55	60	50	30	25	60	30	70	0	6	2	25		20	21	True				
STR_REBEL_BUGEYE_TRAITOR	STR_REBEL	STR_LIVE_SOLDIER	CIV_ARMOR_MUT_3_TRAITOR	itemSets(deployment)/none			55	45	55	30	37	65	30	70	0	6	2	25		20	21	True				
STR_REBEL_FEMALE	STR_REBEL	STR_LIVE_SOLDIER	REBEL_ARMOR_2	builtInWeaponSets	ОСВЕТИТЕЛЬ(FLARE)	STR_MUTANT_COMPLAINT;STR_MUTANT_COMPLAINT;STR_MUTANT_COMPLAINT;STR_MUTANT_COMPLAINT;STR_MUTANT_COMPLAINT	65	70	40	65	0	50	33	70	0	4	1			35	21	True				
STR_REBEL_FEMALE_CIV	STR_REBEL		REBEL_ARMOR_2	builtInWeaponSets	ГРЕНАДЁР(ГРАНАТА);МЕДИК;ОСВЕТИТЕЛЬ(FLARE);ПРОЧЕЕ(bt=2);ПУЛЕМЁТЧИК/АВТОМАТ;РУКОПАШНИК;СТРЕЛОК(винтовка);СТРЕЛОК(пистолет);СТРЕЛОК(прочее оружие)	STR_AUTO_RIFLE;STR_RIFLE_CLIP_PS;STR_RIFLE_CLIP_PS;STR_GRENADE;STR_MUTANT_COMPLAINT;STR_ASMG;STR_ASMG_CLIP;STR_ASMG_CLIP;STR_GRENADE;STR_FIRST_AID_KIT;STR_MUTANT_COMPLAINT;STR_LAWGIVER;STR_LAWGIVER_CLIP;STR_LAWGIVER_CLIP;STR_LAWGIVER_CLIP;STR_WAKIZASHI;STR_MUTANT_COMPLAINT;STR_FLAMETHROWER;STR_FLAMETHROWER_CLIP;STR_FLAMETHROWER_CLIP;STR_MUTANT_COMPLAINT;STR_SAW;STR_SAW_CLIP_PS;STR_SAW_CLIP_PS;STR_GRENADE;STR_MUTANT_COMPLAINT	65	70	40	65	0	50	33	70	0	4				35	21	True				
STR_REBEL_FEMALE_TRAITOR	STR_REBEL	STR_LIVE_SOLDIER	CIV_ARMOR_F1_TRAITOR	itemSets(deployment)/none			60	48	40	55	0	40	30	70	0	4	1			30	21	True				
STR_REBEL_LAMIA	STR_REBEL	STR_LIVE_SOLDIER	REBEL_ARMOR_4	builtInWeaponSets	ОСВЕТИТЕЛЬ(FLARE);РУКОПАШНИК	STR_MUTANT_COMPLAINT;STR_MUTANT_COMPLAINT;STR_MUTANT_COMPLAINT;STR_MUTANT_COMPLAINT;STR_MUTANT_COMPLAINT;AUX_LAMIA_BITE	50	40	35	75	0	50	75	100	2	3				30	21	True				
STR_REBEL_LAMIA_CIV	STR_REBEL		REBEL_ARMOR_4	builtInWeaponSets	ГРЕНАДЁР(ГРАНАТА);ДРОБОВИК(ближний бой);ОСВЕТИТЕЛЬ(FLARE);ПРОЧЕЕ(bt=2);ПУЛЕМЁТЧИК/АВТОМАТ;РУКОПАШНИК;СТРЕЛОК(пистолет);СТРЕЛОК(прочее оружие)	STR_BARBARIAN_AX;STR_GRENADE_FRAG;STR_MUTANT_COMPLAINT;STR_PAINBRINGER;STR_PAINBRINGER_CLIP;STR_PAINBRINGER_CLIP;STR_PAINBRINGER_CLIP;STR_MUTANT_COMPLAINT;STR_FLAMETHROWER;STR_FLAMETHROWER_CLIP;STR_FLAMETHROWER_CLIP;STR_MUTANT_COMPLAINT;STR_UAC_SHOTGUN;STR_UAC_SHOTGUN_SHELLS;STR_UAC_SHOTGUN_SHELLS;STR_UAC_SHOTGUN_SHELLS;STR_UAC_SHOTGUN_SHELLS;STR_MUTANT_COMPLAINT;STR_CHAINGUN;STR_CHAINGUN_CLIP;STR_CHAINGUN_CLIP;STR_MUTANT_COMPLAINT;AUX_LAMIA_BITE	50	40	35	75	0	50	75	100	2	3				30	21	True				
STR_REBEL_LAMIA_CIV_2	STR_REBEL	STR_LIVE_SOLDIER	REBEL_ARMOR_4	builtInWeaponSets	ДРОБОВИК(ближний бой);ОСВЕТИТЕЛЬ(FLARE);ПРОЧЕЕ(bt=2);ПУЛЕМЁТЧИК/АВТОМАТ;РУКОПАШНИК;СТРЕЛОК(винтовка);СТРЕЛОК(пистолет);СТРЕЛОК(прочее оружие)	STR_MUTANT_COMPLAINT;STR_BARBARIAN_AX;STR_MUTANT_COMPLAINT;STR_SHOOTA;STR_SHOOTA_CLIP;STR_SHOOTA_CLIP;STR_MUTANT_COMPLAINT;STR_SLUGGA;STR_SLUGGA_AMMO;STR_SLUGGA_AMMO;STR_SLUGGA_AMMO;STR_SLUGGA_AMMO;STR_MUTANT_COMPLAINT;STR_BLUNDERBUSS;STR_BLUNDERBUSS_AMMO;STR_BLUNDERBUSS_AMMO;STR_BLUNDERBUSS_AMMO;STR_MUTANT_COMPLAINT;STR_MUTANT_MG;STR_MUTANT_MG_CLIP;STR_MUTANT_MG_CLIP;AUX_LAMIA_BITE	50	40	40	75	0	50	80	100	2	3				30	21					
STR_REBEL_MALE	STR_REBEL	STR_LIVE_SOLDIER	REBEL_ARMOR_1	builtInWeaponSets	ОСВЕТИТЕЛЬ(FLARE)	STR_MUTANT_COMPLAINT;STR_MUTANT_COMPLAINT;STR_MUTANT_COMPLAINT;STR_MUTANT_COMPLAINT;STR_MUTANT_COMPLAINT	55	40	40	55	0	25	60	80	1	4				30	21	True				
STR_REBEL_MALE_CIV	STR_REBEL		REBEL_ARMOR_1	builtInWeaponSets	ГРЕНАДЁР(ГРАНАТА);ГРЕНАДЁР/ТЯЖЁЛОЕ(пуск.устройство);ДРОБОВИК(ближний бой);ОСВЕТИТЕЛЬ(FLARE);ПРОЧЕЕ(bt=2);ПУЛЕМЁТЧИК/АВТОМАТ;СТРЕЛОК(винтовка)	STR_AUTO_RIFLE;STR_RIFLE_CLIP_PS;STR_RIFLE_CLIP_PS;STR_GRENADE_FRAG;STR_MUTANT_COMPLAINT;STR_UAC_SHOTGUN;STR_UAC_SHOTGUN_SHELLS;STR_UAC_SHOTGUN_SHELLS;STR_UAC_SHOTGUN_SHELLS;STR_UAC_SHOTGUN_SHELLS;STR_GRENADE_FRAG;STR_MUTANT_COMPLAINT;STR_LASER_RIFLE_M;STR_LASER_RIFLE_M_CLIP;STR_LASER_RIFLE_M_CLIP;STR_GRENADE_FRAG;STR_MUTANT_COMPLAINT;STR_ASUKA_RIFLE;STR_ASUKA_RIFLE_CLIP;STR_ASUKA_RIFLE_CLIP;STR_GRENADE_FRAG;STR_MUTANT_COMPLAINT;STR_RECOILLESS_RIFLE;STR_RECOILLESS_RIFLE_SHELL;STR_RECOILLESS_RIFLE_SHELL;STR_RECOILLESS_RIFLE_SHELL;STR_RECOILLESS_RIFLE_SHELL;STR_MUTANT_COMPLAINT	55	40	40	55	0	25	60	80	1	4				30	21	True				
STR_RECON_DRONE	STR_WAR_MACHINES	STR_LIVE_SOLDIER	STR_RECON_DRONE_ARMOR	itemSets(deployment)/none			150	75	0	0	0	0	5	110						0	6					
STR_REDCOAT	STR_GOVT	STR_LIVE_NAVIGATOR	REDCOAT_ARMOR	itemSets(deployment)/none			50	55	75	60	0	45	55	90	1	4	2	25		35	22	True				
STR_RED_MAGE_ASC_30	STR_RACE_HUMAN		STR_ARMOR_RED_MAGE_GORGON	itemSets(deployment)/none			90	90	90	125	125	100	100	90						45	23					
STR_RED_MAGE_RITUAL	STR_RACE_HUMAN		STR_RED_MAGE_RITUAL_ARMOR	itemSets(deployment)/none			1	80	80	80	100	100	80	110						100	14			True		
STR_RED_VANGUARD	STR_GOVT	STR_LIVE_NAVIGATOR	RED_VANGUARD_ARMOR	itemSets(deployment)/none			65	65	60	60	0	55	35	80	2	3	1	25		35	22	True				
STR_RETICULAN_CHOSEN	STR_RETICULAN	STR_LIVE_MEDIC	RETICULAN_ARMOR_P11	itemSets(deployment)/none			70	85	126	37	42	60	38	90	1	7	1	66			16					
STR_RET_COMMANDO	STR_RETICULAN	STR_LIVE_ENGINEER	RETICULAN_ARMOR_P4	itemSets(deployment)/none			55	70	65	30	0	65	35	90	1	6	4	50		45	16	True				
STR_RET_ELDER	STR_RETICULAN	STR_LIVE_COMMANDER	RETICULAN_ARMOR_P7	itemSets(deployment)/none			50	65	40	12	65	75	26	100	0	9	-1	33		40	16	True				
STR_RET_HYBRID	STR_RETICULAN	STR_LIVE_SOLDIER	RETICULAN_ARMOR_P1	itemSets(deployment)/none			65	50	50	30	35	60	35	80	0	5	3	33		40	22	True				
STR_RET_HYBRID_BANDIT	STR_RETICULAN	STR_LIVE_SOLDIER	RETBANDIT_ARMOR_P0	itemSets(deployment)/none			62	65	60	40	0	65	36	70	0	5	2	33		40	22	True				
STR_RET_MECHTOID	STR_RETICULAN	STR_LIVE_ENGINEER	RETICULAN_ARMOR_P6	itemSets(deployment)/none			50	40	55	30	0	80	20	90	1	4	1	50		50	16	True				
STR_RET_PEON	STR_RETICULAN	STR_LIVE_SOLDIER	RETICULAN_ARMOR_P0	itemSets(deployment)/none			55	60	45	15	0	55	30	80	0	4	1	25		45	16	True				
STR_RET_SECTOGRE	STR_RETICULAN	STR_LIVE_NAVIGATOR	RETICULAN_ARMOR_P3	psiWeapon	ПСИ	AUX_SEDUCTION	60	30	40	65	40	45	125	90	1	4	2			40	22	True				
STR_RET_SIREN	STR_RETICULAN	STR_LIVE_NAVIGATOR	RETICULAN_ARMOR_P2	itemSets(deployment)/none			75	60	50	60	0	60	72	90	1	4	3			45	22	True				
STR_RET_SIREN_BANDIT	STR_RETICULAN	STR_LIVE_NAVIGATOR	RETBANDIT_ARMOR_P1	psiWeapon	ПСИ	AUX_SEDUCTION	76	75	50	70	0	75	72	100	1	4	2	33		45	22	True				
STR_ROBOT_MAID	STR_WAR_MACHINES	STR_LIVE_SOLDIER	ROBOT_MAID_ARMOR	meleeWeapon	РУКОПАШНИК	AUX_ROBOT_FIST	100	70	50	70	0	0	33	110	2	6	2			999	22	False				
STR_ROBO_PARROT_PIR	STR_WAR_MACHINES		ROBO_PARROT_ARMOR	itemSets(deployment)/none			100	100	60	50	0	0	10	110						999	10					True
STR_ROGUE_SECTOID	STR_RETICULAN	STR_LIVE_LEADER	RETICULAN_ARMOR_P8	itemSets(deployment)/none			52	70	60	30	50	70	30	90	2	8	3	33		45	16	True				
STR_ROYAL_GUARD	STR_GOVT	STR_LIVE_NAVIGATOR	SOLDIER_ARMOR_P3	itemSets(deployment)/none			55	50	70	85	0	65	55	90	5	5	2			50	22	True				
STR_RYBA_TERRORIST	STR_BEAST	STR_LIVE_SOLDIER	RYBA_ARMOR	itemSets(deployment)/none			100	80	0	65	0	15	20	100	0	1				60	10					True
STR_SECTOID_COMMANDER	STR_SECTOID	STR_LIVE_COMMANDER	SECTOID_ARMOR_P5	itemSets(deployment)/none			70	80	70	65	60	65	60	90	0	8	2			50	21	True				
STR_SECTOID_ENGINEER	STR_SECTOID	STR_LIVE_ENGINEER	SECTOID_ARMOR_P3B	builtInWeaponSets	НЕТ_ОРУЖИЯ(BT_NONE);ОСВЕТИТЕЛЬ(FLARE)	STR_CREDIT_CHIP_00;STR_ARC_WELDER;STR_CREDIT_CHIP_00;STR_CREDIT_CHIP_00;STR_CREDIT_CHIP_00	60	40	60	30	0	55	35	60	1	7				27	22	True				
STR_SECTOID_EXPLORER	STR_SECTOID	STR_LIVE_SOLDIER	SECTOID_ARMOR_P9	itemSets(deployment)/none			50	30	50	30	0	50	40	60	1	6				22	22	True				
STR_SECTOID_LEADER	STR_SECTOID	STR_LIVE_LEADER	SECTOID_ARMOR_P4	itemSets(deployment)/none			70	70	70	60	55	65	40	80	1	7	2			40	22	True				
STR_SECTOID_MEDIC	STR_SECTOID	STR_LIVE_MEDIC	SECTOID_ARMOR_P3	itemSets(deployment)/none			65	45	60	30	0	55	35	60	1	7				35	22	True				
STR_SECTOID_NAVIGATOR	STR_OSIRON	STR_LIVE_NAVIGATOR	SECTOID_ARMOR_P2	itemSets(deployment)/none			55	40	60	40	0	45	35	60	2	5	0	25			22	True				
STR_SECTOID_SOLDIER	STR_SECTOID	STR_LIVE_SOLDIER	SECTOID_ARMOR_P1	itemSets(deployment)/none			60	30	40	25	0	40	30	50	1	5				22	22	True				
STR_SECTOPOD_ADVANCED	STR_WAR_MACHINES	STR_LIVE_TERRORIST	SECTOPOD_ARMOR_A	builtInWeapons	СТРЕЛОК(прочее оружие)	AUX_SECTOPOD_ADVANCED_WEAPON_1	45	74	70	80	0	125	111	110	1	4	2	70		50	23					True
STR_SECTOPOD_TERRORIST	STR_WAR_MACHINES	STR_LIVE_TERRORIST	SECTOPOD_ARMOR	builtInWeapons	СТРЕЛОК(прочее оружие)	AUX_SECTOPOD_WEAPON	62	64	60	80	0	120	96	110	1	4	2	50		50	23					True
STR_SECURITY_CAMERA	STR_WAR_MACHINES	STR_LIVE_SOLDIER	CAMERA_ARMOR	builtInWeapons	ОСВЕТИТЕЛЬ(FLARE)	AUX_SPOTLIGHT	6	15	0	0	0	0	10	110	0	0	1			20	13					True
STR_SERF_FEMALE	STR_CIVILIAN	STR_LIVE_SOLDIER	SERF_ARMOR_F	builtInWeaponSets	МЕДИК	STR_PAINKILLERS;STR_PAINKILLERS;STR_PAINKILLERS;STR_PAINKILLERS;STR_PAINKILLERS	55	30	35	30	0	30	45	70	0	1				35	21	True				
STR_SERF_MALE	STR_CIVILIAN	STR_LIVE_SOLDIER	SERF_ARMOR_M	builtInWeaponSets	МЕДИК	STR_PAINKILLERS;STR_PAINKILLERS;STR_PAINKILLERS;STR_PAINKILLERS;STR_PAINKILLERS	50	27	35	35	0	30	50	70	0	1				35	21	True				
STR_SGR_DUMMY_UNIT_0	STR_DUMMY	STR_LIVE_SOLDIER	DUMMY_ARMOR_P0	builtInWeaponSets	ГРЕНАДЁР(ГРАНАТА);ГРЕНАДЁР/ТЯЖЁЛОЕ(пуск.устройство);ПРОЧЕЕ(bt=2)	STR_BFG;STR_BFG_BATTERY;STR_DUMMY_SWEEPER	0	0	0	0	0	0	1	10												
STR_SGR_DUMMY_UNIT_1	STR_DUMMY	STR_LIVE_SOLDIER	DUMMY_ARMOR_P0	builtInWeaponSets	ГРЕНАДЁР(ГРАНАТА);ГРЕНАДЁР/ТЯЖЁЛОЕ(пуск.устройство);ПРОЧЕЕ(bt=2)	STR_BFG;STR_BFG_BATTERY;STR_UAC_ROCKET_LAUNCHER;STR_UAC_ROCKET_LAUNCHER_ROCKETS;STR_UAC_ROCKET_LAUNCHER_ROCKETS;STR_UAC_ROCKET_LAUNCHER_ROCKETS;STR_DUMMY_SWEEPER;STR_SPAWN_SGR_DUMMY_UNIT_2	0	0	0	0	0	0	1	10												
STR_SGR_DUMMY_UNIT_2	STR_DUMMY	STR_LIVE_SOLDIER	DUMMY_ARMOR_P0	builtInWeaponSets	ГРЕНАДЁР(ГРАНАТА);ПРОЧЕЕ(bt=2);ПУЛЕМЁТЧИК/АВТОМАТ	STR_UAC_PLASMAGUN;STR_UAC_PLASMAGUN_BATTERY;STR_UAC_PLASMAGUN_BATTERY;STR_CHAINGUN;STR_CHAINGUN_CLIP;STR_CHAINGUN_CLIP;STR_CHAINGUN_CLIP;STR_DUMMY_SWEEPER;STR_SPAWN_SGR_DUMMY_UNIT_3	0	0	0	0	0	0	1	10												
STR_SGR_DUMMY_UNIT_3	STR_DUMMY	STR_LIVE_SOLDIER	DUMMY_ARMOR_P0	builtInWeaponSets	ГРЕНАДЁР(ГРАНАТА);ДРОБОВИК(ближний бой);ПРОЧЕЕ(bt=2);СТРЕЛОК(пистолет)	STR_UAC_SHOTGUN;STR_UAC_SHOTGUN_SHELLS;STR_UAC_SHOTGUN_SHELLS;STR_UAC_SHOTGUN_SHELLS;STR_UAC_SHOTGUN_SHELLS;STR_UAC_SHOTGUN_SHELLS;STR_UAC_PISTOL;STR_UAC_PISTOL_CLIP;STR_UAC_PISTOL_CLIP;STR_UAC_PISTOL_CLIP;STR_UAC_PISTOL_CLIP;STR_UAC_PISTOL_CLIP;STR_UAC_PISTOL_CLIP;STR_DUMMY_SWEEPER	0	0	0	0	0	0	1	10												
STR_SHAMBLER_TERRORIST	STR_BEAST	STR_LIVE_TERRORIST	SHAMBLER_ARMOR	builtInWeapons	РУКОПАШНИК	AUX_FISTO	85	40	0	80	0	30	200	90	3	1				50	24					True
STR_SHARKMAN_TERRORIST	STR_DEPTH_DWELLER	STR_LIVE_SOLDIER	DEEP_ONE_ARMOR_P2_SEA	builtInWeapons	РУКОПАШНИК	SHARK_BITE	86	65	25	80	0	18	100	90	2	2				50	21					True
STR_SHD_ETHEREAL	STR_GHOST	STR_LIVE_SOLDIER	SHD_ETHEREAL_ARMOR	itemSets(deployment)/none			115	150	144	110	67	76	55	90	1	8				40	20					
STR_SHD_MUTON	STR_GHOST	STR_LIVE_SOLDIER	SHD_MUTON_ARMOR	itemSets(deployment)/none			88	120	108	120	0	25	125	80	2	3				40	21					
STR_SHD_SECTOID	STR_GHOST	STR_LIVE_SOLDIER	SHD_SECTOID_ARMOR	itemSets(deployment)/none			81	126	102	76	55	55	30	80	1	8				30	16					
STR_SHUTTLE_ATURRET	STR_WAR_MACHINES	STR_LIVE_TERRORIST	STR_SHUTTLE_ATURRET_ARMOR	itemSets(deployment)/none			40	40	100	0	0	0	200	110	8	1	1	75		20	18					True
STR_SILACOID_TERRORIST	STR_MONSTER_RACE	STR_LIVE_SOLDIER	SILACOID_ARMOR	builtInWeapons	РУКОПАШНИК;СТРЕЛОК(прочее оружие)	AUX_SILACOID_WEAPON;AUX_SILACOID_WEAPON_MELEE	40	40	0	50	0	80	114	100	2	3				40	10					True
STR_SKELETON_CIV	STR_DEAD_RACE	STR_LIVE_SOLDIER	STR_SKELETON_CIV_ARMOR	builtInWeaponSets	НЕТ_ОРУЖИЯ(BT_NONE);ОСВЕТИТЕЛЬ(FLARE)	STR_DEAD_ID;STR_AMPHORE;STR_DEAD_ID;STR_MEDALLION;STR_DEAD_ID;STR_RING;STR_DEAD_ID;STR_GOLD_BAR;STR_DEAD_ID;STR_ANKH	50	50	50	50	0	70	50	90	4	2				50	22	False				
STR_SKELETON_SWAT	STR_DEAD_RACE	STR_LIVE_NAVIGATOR	STR_SKELETON_SWAT_ARMOR	builtInWeaponSets	НЕТ_ОРУЖИЯ(BT_NONE)	STR_DEAD_ID;STR_DEAD_ID;STR_DEAD_ID;STR_DEAD_ID;STR_DEAD_ID	50	50	70	60	0	70	70	90	1	4				50	22	False				
STR_SKELETON_TERRORIST	STR_DEAD_RACE	STR_LIVE_TERRORIST	STR_SKELETON_ARMOR	builtInWeapons	РУКОПАШНИК	AUX_SKELETON_CLAWS;AUX_SKELETON_CLAWS	85	60	10	80	0	100	50	110	8	2			True	50	22	False				True
STR_SKYFORGE_ENGINEER	STR_CIVILIAN	STR_LIVE_ENGINEER	DORF_ARMOR_P1	builtInWeaponSets	НЕТ_ОРУЖИЯ(BT_NONE);ОСВЕТИТЕЛЬ(FLARE)	STR_ARC_WELDER;STR_COINS;STR_ARC_WELDER;STR_COINS;STR_COINS;STR_ARC_WELDER;STR_COINS;STR_COINS;STR_COINS;STR_COINS;STR_ARC_WELDER;STR_COINS;STR_COINS;STR_COINS	40	35	60	70	0	60	65	80	2	7	1			30	18	True				
STR_SLAVE	STR_SLAVE		CIV_ARMOR_SLAVE_M	itemSets(deployment)/none			60	30	35	35	0	30	35	10	1	1				25	21					
STR_SLAVE_GLADIATRIX	STR_SLAVE		CIV_ARMOR_SLAVE_GLADIATRIX	itemSets(deployment)/none			90	80	30	80	0	35	60	90	6	2				60	22					
STR_SLAVE_GOPHER	STR_SLAVE		ARMOR_SLAVE_GOPHER	itemSets(deployment)/none			110	80	40	50	0	15	35	80						30	21					
STR_SLAVE_MAID	STR_SLAVE		CIV_ARMOR_SLAVE_MAID	itemSets(deployment)/none			60	40	30	30	0	30	30	10	0	2				25	21					
STR_SLAVE_MANAGER	STR_SLAVE		CIV_ARMOR_SLAVE_TASKMASTER	itemSets(deployment)/none			60	55	40	25	0	35	30	20	1	3				35	21					
STR_SLAVE_SKILLED	STR_SLAVE		CIV_ARMOR_SLAVE_SKILLED	itemSets(deployment)/none			55	25	35	35	0	40	40	40	1	2				25	21					
STR_SMUGGLER_CAPTAIN	STR_SMUGGLER	STR_LIVE_LEADER	SMUGGLER_ARMOR_P4	itemSets(deployment)/none			75	80	80	70	0	80	45	80	0	7	4	75		40	22	True				
STR_SMUGGLER_CATGIRL	STR_SMUGGLER	STR_LIVE_NAVIGATOR	SMUGGLER_ARMOR_P2	itemSets(deployment)/none			90	90	50	85	0	40	30	80	2	4	1	25		42	22	True				
STR_SMUGGLER_ENGINEER	STR_SMUGGLER	STR_LIVE_ENGINEER	SMUGGLER_ARMOR_P3	builtInWeaponSets	НЕТ_ОРУЖИЯ(BT_NONE);ОСВЕТИТЕЛЬ(FLARE)	STR_CREDIT_CHIP_00;STR_ARC_WELDER;STR_CREDIT_CHIP_00;STR_CREDIT_CHIP_00;STR_CREDIT_CHIP_00	60	50	70	65	0	50	100	80	2	6	2	50		45	21	True				
STR_SMUGGLER_GOON	STR_RACE_HUMAN	STR_LIVE_NAVIGATOR	SMUGGLER_ARMOR_P1	itemSets(deployment)/none			60	45	60	45	0	34	40	60	1	4				30	22	True				
STR_SMUGGLER_NEGOTIATOR	STR_SMUGGLER	STR_LIVE_COMMANDER	SMUGGLER_ARMOR_P5	itemSets(deployment)/none			80	80	65	65	55	75	40	90	0	8	4			50	22	True				
STR_SNAKEMAN_COMMANDER	STR_SNAKEMAN	STR_LIVE_COMMANDER	SNAKEMAN_ARMOR2	itemSets(deployment)/none			45	65	58	76	0	50	55	80	2	6				40	18					
STR_SNAKEMAN_ENGINEER	STR_SNAKEMAN	STR_LIVE_ENGINEER	SNAKEMAN_ARMOR0	itemSets(deployment)/none			40	45	58	76	0	40	45	80	2	4					18					
STR_SNAKEMAN_LEADER	STR_SNAKEMAN	STR_LIVE_LEADER	SNAKEMAN_ARMOR1	itemSets(deployment)/none			40	55	65	76	0	45	45	80	2	5					18					
STR_SNAKEMAN_NAVIGATOR	STR_SNAKEMAN	STR_LIVE_NAVIGATOR	SNAKEMAN_ARMOR0	itemSets(deployment)/none			40	45	58	76	0	40	45	80	2	3					18					
STR_SNAKEMAN_SOLDIER	STR_SNAKEMAN	STR_LIVE_SOLDIER	SNAKEMAN_ARMOR0	itemSets(deployment)/none			40	45	58	76	0	40	45	80	2	2					18					
STR_SPARTAN_CAPTAIN	STR_SPARTANS	STR_LIVE_LEADER	SPARTAN_ARMOR_P3	itemSets(deployment)/none			65	75	80	60	0	50	45	90	1	5	3	33		35	22	True				
STR_SPARTAN_HEAVY	STR_SPARTANS	STR_LIVE_NAVIGATOR	SPARTAN_ARMOR_P2	itemSets(deployment)/none			60	55	65	50	0	40	45	70	1	4	0	66		30	22	True				
STR_SPARTAN_RIFLEMAN	STR_SPARTANS	STR_LIVE_NAVIGATOR	SPARTAN_ARMOR_P1	itemSets(deployment)/none			60	65	65	45	0	40	40	70	1	4	1	66		30	22	True				
STR_SPARTAN_SCOUT	STR_SPARTANS	STR_LIVE_NAVIGATOR	SPARTAN_ARMOR_P0	itemSets(deployment)/none			70	75	70	50	0	45	35	70	1	4	2	25		35	22	True				
STR_SPECTRAL_EYE	STR_GHOST	STR_LIVE_SOLDIER	SPECTRAL_EYE_ARMOR	builtInWeapons	ГРЕНАДЁР(ГРАНАТА)	STR_TRAP_SELF_DESTRUCT_13_23	100	100	0	0	0	0	1	110		1				50	6					True
STR_SPIDERGIRL_MISTRESS	STR_RIMRIDERS	STR_LIVE_MEDIC	SPIDERGIRL_ARMOR	meleeWeapon	РУКОПАШНИК	AUX_FISTO	90	100	60	90	75	75	50	100	3	6	1	25		50	22	True				
STR_STAR_GOD_PUBLIC_ENEMY	STR_ETHEREAL	STR_LIVE_COMMANDER	PE_ARMOR	itemSets(deployment)/none			85	115	74	150	80	90	60	110	0	7	-1			50	20	True				
STR_STEEL_SOLDIER	STR_GOVT	STR_LIVE_NAVIGATOR	STEEL_SOLDIER_ARMOR	itemSets(deployment)/none			60	55	70	50	0	45	45	80	2	4	2	25		35	22	True				
STR_STYGIAN_GARGOYLE	STR_DEMON	STR_LIVE_TERRORIST	STYGIAN_GARGOYLE_ARMOR	builtInWeapons	СТРЕЛОК(прочее оружие)	AUX_ELECTRIC_EYE	40	25	70	0	0	90	100	110	1	3	1	33		100	19					True
STR_STYGIAN_GUARD	STR_ZOMBIE	STR_LIVE_NAVIGATOR	STYGIAN_GUARD_ARMOR	itemSets(deployment)/none			90	50	50	90	0	90	450	110	3	4	1			100	23					True
STR_STYGIAN_SERF_FEMALE	STR_DEMON	STR_LIVE_SOLDIER	STYGIAN_SERF_F_ARMOR	itemSets(deployment)/none			110	110	70	90	0	80	135	100	1	6	2	50		100	22					
STR_STYGIAN_SERF_MALE	STR_DEMON	STR_LIVE_SOLDIER	STYGIAN_SERF_M_ARMOR	itemSets(deployment)/none			100	100	70	100	0	80	150	100	1	6	2	50		100	22					
STR_SUCCUBUS_TERRORIST	STR_DEMON	STR_LIVE_MEDIC	SUCCUBUS_ARMOR	psiWeapon	ПСИ	AUX_SEDUCTION	96	90	30	45	69	69	112	90	1	4				90	22	True				
STR_SURVIVOR	STR_HUMAN		ARMOR_SURVIVOR	builtInWeaponSets	ГРЕНАДЁР/ТЯЖЁЛОЕ(пуск.устройство);ПРОЧЕЕ(bt=2);ПУЛЕМЁТЧИК/АВТОМАТ;СТРЕЛОК(винтовка)	STR_FLINTLOCK_RIFLE;STR_MINNIE_BULLET;STR_MINNIE_BULLET;STR_MINNIE_BULLET;STR_MINNIE_BULLET;STR_MINNIE_BULLET;STR_MINNIE_BULLET;STR_SURVIVAL_BOW;STR_BOW_QUIVER;STR_BOW_QUIVER;STR_BOW_QUIVER;STR_BOW_ARROWS_HE;STR_FLINTLOCK_RIFLE;STR_MINNIE_BULLET;STR_MINNIE_BULLET;STR_MINNIE_BULLET;STR_MINNIE_BULLET;STR_MINNIE_BULLET;STR_MINNIE_BULLET;STR_ROTOGUN;STR_ROTOGUN_AMMO;STR_FLINTLOCK_RIFLE;STR_MINNIE_BULLET_PSI;STR_MINNIE_BULLET_PSI;STR_MINNIE_BULLET_PSI;STR_MINNIE_BULLET_PSI;STR_MINNIE_BULLET_PSI;STR_MINNIE_BULLET_PSI	85	85	100	75	0	55	60	80	1	4	2	50			21	True		True		
STR_TAMED_BOOMOSAURUS	STR_BEAST		BOOMOSAURUS_ARMOR	builtInWeapons	МЕДИК	AUX_GROG_BARREL	56	14	20	70	0	20	300	110						25	25					
STR_TAMED_REAPER	STR_BEAST		REAPER_ARMOR	itemSets(deployment)/none			86	64	0	85	0	35	180	90						30	23					
STR_TASOTH_SOLDIER_LAND	STR_DEPTH_DWELLER	STR_LIVE_NAVIGATOR	DEEP_ONE_ARMOR_P8_LAND	meleeWeapon	РУКОПАШНИК	AUX_TASOTH_WEAPON	100	80	80	100	0	50	240	110	3	5	1	25		100	22					
STR_TASOTH_SOLDIER_SEA	STR_DEPTH_DWELLER	STR_LIVE_NAVIGATOR	DEEP_ONE_ARMOR_P8_SEA	meleeWeapon	РУКОПАШНИК	AUX_TASOTH_WEAPON	133	80	80	100	0	50	240	110	3	5	2	25		100	22					
STR_TECHNOCRACY_CYBERPOD_TERRORIST	STR_WAR_MACHINES	STR_LIVE_TERRORIST	CYBERPOD_ARMOR	builtInWeapons	СТРЕЛОК(прочее оружие)	AUX_TEC_3_WEAPON;AUX_TEC_3_WEAPON	75	85	100	25	0	0	100	110	1	6	2	33		999	23	False				True
STR_TECHNOCRACY_CYBORG	STR_RACE_CYBORGS	STR_LIVE_NAVIGATOR	TECHNOCRACY_ARMOR_P4	meleeWeapon	РУКОПАШНИК	AUX_ROBOT_FIST	90	125	120	80	0	60	150	120	3	6	3	33		50	22	False				
STR_TECHNOCRACY_INFILTRATOR_TERRORIST	STR_WAR_MACHINES	STR_LIVE_SOLDIER	TECHNOCRACY_ARMOR_P0A	itemSets(deployment)/none			50	75	75	50	0	0	100	110	3	10	2			999	22	False	STR_TECHNOCRACY_TERMINATOR_TERRORIST			
STR_TECHNOCRACY_MEK_LEADER	STR_RACE_CYBORGS	STR_LIVE_COMMANDER	TECHNOCRACY_ARMOR_P1	builtInWeapons	ПСИ;РУКОПАШНИК;СТРЕЛОК(прочее оружие)	AUX_ROBOT_FIST;AUX_TEC_0_WEAPON;AUX_BRAINHACK	90	90	85	60	55	115	255	100	1	10	4	33		999	22	False				
STR_TECHNOCRACY_TERMINATOR_TERRORIST	STR_WAR_MACHINES	STR_LIVE_SOLDIER	TECHNOCRACY_ARMOR_P0	builtInWeapons	РУКОПАШНИК;СТРЕЛОК(прочее оружие)	AUX_ROBOT_FIST;AUX_TEC_0_WEAPON	50	75	75	50	0	0	25	110	3	10	2	25		999	22	False				True
STR_TENTACLEHIVE_TERRORIST	STR_DEMON	STR_LIVE_TERRORIST	TENTACLEHIVE_ARMOR	psiWeapon	ПСИ	AUX_TENTACLEHIVE_PSI_WEAPON	86	69	20	100	80	90	400	100	0	7	-1	50			21	True				True
STR_THEBAN_CLONE	STR_GOVT	STR_LIVE_NAVIGATOR	THEBAN_CLONE_ARMOR	itemSets(deployment)/none			90	85	75	70	0	60	65	100	1	4	3	25		40	22	True				
STR_TIGER_TANK_TURRET	STR_WAR_MACHINES	STR_LIVE_TERRORIST	TIGER_TURRET_ARMOR	itemSets(deployment)/none			100	30	60	0	0	0	160	110	8	2	1	75		1	23					True
STR_TOMB_GUARDIAN	STR_ZOMBIE	STR_LIVE_NAVIGATOR	TOMB_GUARDIAN_ARMOR	builtInWeaponSets	РУКОПАШНИК;СТРЕЛОК(прочее оружие)	STR_BATTLE_AX;STR_THROWING_AXES;STR_GOTHIC_HAMMER;STR_SWORD_MDV;STR_THROWING_AXES;STR_BARBARIAN_AX;STR_GREAT_CLUB	60	54	41	84	0	85	445	110	4	2				80	22	False				
STR_TREE_OF_LIFF	STR_MAGICAL_CREATURES_RACE	STR_LIVE_SOLDIER	TREE_OF_LIFF_ARMOR	builtInWeapons	МЕДИК	AUX_VANILLA_HEALING	30	0	0	0	0	200	900	110	0	9				1	22					True
STR_TRUCK_TURRET	STR_WAR_MACHINES	STR_LIVE_TERRORIST	TRUCK_TURRET_ARMOR	itemSets(deployment)/none			50	30	50	0	0	0	75	110	8	2	1	75		1	16					True
STR_TRUCK_TURRET_ENEMY	STR_WAR_MACHINES	STR_LIVE_TERRORIST	TRUCK_TURRET_ENEMY_ARMOR	itemSets(deployment)/none			50	30	50	0	0	0	75	110	8	2	2	50		1	16					True
STR_TURRET_BLUE_TERRORIST	STR_WAR_MACHINES	STR_LIVE_SOLDIER	STR_TURRET_BLUE_ARMOR	builtInWeapons	СТРЕЛОК(прочее оружие)	AUX_TANK_LASER_WEAPON	50	40	60	0	0	0	30	110	0	4	2	75		1	12					True
STR_TURRET_MINIGUN_TERRORIST	STR_WAR_MACHINES	STR_LIVE_SOLDIER	STR_TURRET_MINIGUN_ARMOR	builtInWeapons	СТРЕЛОК(прочее оружие)	AUX_TANK_LIGHT_MINIGUN_WEAPON	50	50	60	0	0	0	30	110	0	4	1	75		1	12					True
STR_UAC_SECURITY_DRONE	STR_WAR_MACHINES	STR_LIVE_SOLDIER	STR_UAC_SECURITY_DRONE_ARMOR	builtInWeaponSets	ОСВЕТИТЕЛЬ(FLARE);ПРОЧЕЕ(bt=2);СТРЕЛОК(прочее оружие)	STR_UAC_RIFLE_AUX;AUX_SPOTLIGHT;STR_UAC_CLIP;STR_UAC_CLIP;STR_UAC_CLIP;STR_UAC_CLIP	60	100	50	0	0	0	15	110	1	1					10					True
STR_UBER_BELTER	STR_CIVILIAN	STR_LIVE_ENGINEER	UBER_BELTER_ARMOR	itemSets(deployment)/none			80	80	50	80	0	60	65	80	2	6				50	22	True				
STR_VAMPIRE_BAT_TERRORIST	STR_BEAST	STR_LIVE_SOLDIER	VAMPIRE_BAT_ARMOR	builtInWeapons	РУКОПАШНИК	AUX_VAMPBAT_WEAPON	132	90	0	80	0	45	20	110	3	3				60	6					True
STR_VAMPIRE_DUDE	STR_RACE_VAMPIRE	STR_LIVE_MEDIC	VAMPIRE_ARMOR	builtInWeapons	ПСИ;РУКОПАШНИК	AUX_VAMPIRE_WEAPON;AUX_HYPNOSIS	91	108	33	90	50	60	233	100	4	5				60	22	True				True
STR_VAMPIRE_GAL	STR_RACE_VAMPIRE	STR_LIVE_MEDIC	VAMPIRIA_ARMOR	builtInWeapons	ПСИ;РУКОПАШНИК	AUX_VAMPIRE_WEAPON;AUX_HYPNOSIS	94	111	33	85	44	64	200	100	2	5				60	22	True				True
STR_VAMPIRE_KNIGHT	STR_RACE_VAMPIRE	STR_LIVE_COMMANDER	STR_VAMPIRE_KNIGHT_ARMOR	builtInWeaponSets	РУКОПАШНИК;СТРЕЛОК(прочее оружие)	STR_BARBARIAN_SWORD;STR_BARDICHE;STR_BATTLE_AX;STR_THROWING_AXES;STR_GOTHIC_HAMMER;STR_SPIKED_MACE;STR_THROWING_AXES	75	70	60	125	0	90	800	110	4	6	2			60	22	True				
STR_VAULT_GIRL	STR_CIVILIAN		CIV_ARMOR_VAU_1	builtInWeaponSets	МЕДИК;НЕТ_ОРУЖИЯ(BT_NONE);ОСВЕТИТЕЛЬ(FLARE);СТРЕЛОК(пистолет)	STR_GLAMOUR;STR_SCRAP_METAL;STR_GLAMOUR;STR_GRAPES;STR_GLAMOUR;STR_ORANGE;STR_ACADEMY_CORPSE;STR_GLAMOUR;STR_FIRST_AID_KIT;STR_GLAMOUR;STR_LASER_PISTOL_MINI;STR_ACADEMY_CORPSE	55	25	25	20	0	35	25	40	0	4				30	22					
STR_VAULT_GUY	STR_CIVILIAN		CIV_ARMOR_VAU_2	builtInWeaponSets	МЕДИК;НЕТ_ОРУЖИЯ(BT_NONE);ОСВЕТИТЕЛЬ(FLARE);РУКОПАШНИК;СТРЕЛОК(пистолет)	STR_GLAMOUR;STR_SHOVEL;STR_GLAMOUR;STR_SCRAP_METAL;STR_GLAMOUR;STR_GRAPES;STR_ACADEMY_CORPSE;STR_GLAMOUR;STR_ORANGE;STR_GLAMOUR;STR_LASER_PISTOL_LT;STR_ACADEMY_CORPSE	45	25	30	25	0	35	25	40	0	4				25	22					
STR_VERDUN_SHADE	STR_GHOST	STR_LIVE_SOLDIER	VERDUN_SHADE_ARMOR	itemSets(deployment)/none			0	0	0	0	0	0	1	110		0				1	22					True
STR_WASPITE_SOLDIER	STR_SG_SERVITOR	STR_LIVE_SOLDIER	WASPITE_ARMOR	itemSets(deployment)/none			90	125	90	40	0	70	20	110	3	4	3	50		50	22					
STR_WEREDOGE	STR_WEREWOLF		WEREWOLF_ARMOR	builtInWeapons	СКАНЕР	AUX_SMELL_SCANNER	110	75	30	95	0	33	144	100						45	21					True
STR_WEREWOLF_WARRIOR	STR_WEREWOLF	STR_LIVE_SOLDIER	WEREWOLF_ARMOR	builtInWeapons	РУКОПАШНИК	AUX_WERE_CLAWS	92	65	30	80	0	18	130	90	4	2				50	21	True				True
STR_WHITERABBIT	STR_WHITERABBIT		WHITERABBIT_ARMOR	itemSets(deployment)/none			77	60	0	10	0	70	12	40						30	10					True
STR_WORKER	STR_CIVILIAN		CIV_ARMOR_WORKER	itemSets(deployment)/none			50	30	35	30	0	45	45	60	0	2				20	21					
STR_WRAITH_ELITE	STR_DEATH_DUNGEON_RACE	STR_LIVE_NAVIGATOR	STR_WRAITH_ELITE_ARMOR	itemSets(deployment)/none			80	60	50	90	0	80	105	100	3	3				50	22	False				
STR_WRAITH_ELITE_FEM	STR_DEATH_DUNGEON_RACE	STR_LIVE_SOLDIER	STR_WRAITH_ELITE_FEM_ARMOR	itemSets(deployment)/none			75	65	60	80	0	80	100	100	2	3				50	22	False				
STR_WRAITH_GUARD	STR_DEATH_DUNGEON_RACE	STR_LIVE_SOLDIER	STR_WRAITH_GUARD_ARMOR	itemSets(deployment)/none			70	55	45	75	0	70	90	100	2	2				50	22	False				
STR_WRAITH_GUARD_FEM	STR_DEATH_DUNGEON_RACE	STR_LIVE_SOLDIER	STR_WRAITH_GUARD_FEM_ARMOR	itemSets(deployment)/none			70	60	50	70	0	70	90	100	2	2				50	22	False				
STR_WRAITH_SOLDIER	STR_DEATH_DUNGEON_RACE	STR_LIVE_SOLDIER	STR_WRAITH_ARMOR	itemSets(deployment)/none			80	55	35	60	0	60	75	100	2	2				50	22	False				
STR_WRAITH_SOLDIER_FEM	STR_DEATH_DUNGEON_RACE	STR_LIVE_SOLDIER	STR_WRAITH_FEM_ARMOR	itemSets(deployment)/none			85	55	35	60	0	60	75	100	2	2				50	22	False				
STR_XARQUID_TERRORIST	STR_MONSTER_RACE	STR_LIVE_TERRORIST	XARQUID_ARMOR	builtInWeapons	РУКОПАШНИК;СТРЕЛОК(прочее оружие)	AUX_XARQUID_WEAPON;AUX_XARQUID_GRAPPLE	100	50	65	68	0	100	360	90	1	3		33			23					True
STR_XTANK_CANNON_TERRORIST	STR_WAR_MACHINES	STR_LIVE_TERRORIST	TANK_ARMOR	builtInWeapons	СТРЕЛОК(прочее оружие)	AUX_XTANK_CANNON_WEAPON	150	20	60	0	0	0	65	110	2	5				999	16					True
STR_XTANK_HOVER_GAUSS_TERRORIST	STR_WAR_MACHINES	STR_LIVE_TERRORIST	HOVERTANK_ARMOR	builtInWeapons	СТРЕЛОК(прочее оружие)	AUX_XTANK_GAUSS_WEAPON	200	30	60	0	0	0	75	110	2	5	1			999	12					True
STR_XTANK_NAZI_CANNON_TERRORIST	STR_WAR_MACHINES	STR_LIVE_TERRORIST	TANK_ARMOR_BLACK	builtInWeapons	СТРЕЛОК(прочее оружие)	AUX_XTANK_CANNON_WEAPON	120	20	60	0	0	0	70	110	2	5				999	16					True
STR_XTURRET_CANNON	STR_WAR_MACHINES	STR_LIVE_TERRORIST	XTURRET_CANNON_ARMOR	itemSets(deployment)/none			32	35	75	0	0	0	200	110	8	0	1	75		1	18					True
STR_XTURRET_GAUSS	STR_WAR_MACHINES	STR_LIVE_TERRORIST	XTURRET_GAUSS_ARMOR	itemSets(deployment)/none			32	35	75	0	0	0	200	110	8	0	1	75		1	18					True
STR_XTURRET_LASER	STR_WAR_MACHINES	STR_LIVE_TERRORIST	XTURRET_LASER_ARMOR	itemSets(deployment)/none			32	35	75	0	0	0	200	110	8	0	1	75		1	18					True
STR_XTURRET_PLASMA	STR_WAR_MACHINES	STR_LIVE_TERRORIST	XTURRET_PLASMA_ARMOR	itemSets(deployment)/none			32	35	75	0	0	0	200	110	8	0	1	75		1	18					True
STR_YEOMAN	STR_RACE_HUMAN		CIV_ARMOR_ZDOOMER	builtInWeaponSets	СТРЕЛОК(прочее оружие)	AUX_UAC_SHOTGUN_CURSED;AUX_UAC_PISTOL_CURSED;AUX_UAC_RIFLE_CURSED;AUX_UAC_CHAINGUN_CURSED;AUX_UAC_PLASMAGUN_CURSED	75	60	70	60	0	50	50	80	3	3				40	21					
STR_ZBOSS	STR_NAZIS	STR_LIVE_COMMANDER	ZBOSS_ARMOR	builtInWeapons	ОСВЕТИТЕЛЬ(FLARE);ПСИ;РУКОПАШНИК	STR_UNARMED_GAUNTLET_PLUS;AUX_HAND_LIGHT_ZBOSS;AUX_UNLIMITED_RANGE_PSI_WEAPON	100	100	120	150	66	120	888	100	8	7				50	22	False				True
STR_ZOMBIE	STR_ZOMBIE	STR_LIVE_SOLDIER	ZOMBIE_ARMOR	builtInWeapons	РУКОПАШНИК	AUX_ZOMBIE_WEAPON	40	40	0	80	0	120	84	120	2	3			True	20	22		STR_CHRYSSALID_TERRORIST			True
STR_ZOMBIE_BUSTER_TERRORIST	STR_ZOMBIE	STR_LIVE_NAVIGATOR	ZOMBIE_BUSTER_ARMOR	builtInWeapons	РУКОПАШНИК	AUX_HAMMER_FISTO;AUX_HAMMER_FISTO	72	48	0	100	0	85	565	110	7	2			True	100	22					True
STR_ZOMBIE_CARRIE_TERRORIST	STR_ZOMBIE	STR_LIVE_MEDIC	ZOMBIE_CARRIE_ARMOR	builtInWeapons	ПСИ;СТРЕЛОК(прочее оружие)	AUX_SPIRIT_FLAMES;AUX_PYROKINESIS	58	70	24	48	45	90	133	100	0	2				55	22	True				True
STR_ZOMBIE_GRUBAS_TERRORIST	STR_ZOMBIE	STR_LIVE_SOLDIER	ZOMBIE_GRUBAS_ARMOR	builtInWeapons	РУКОПАШНИК	AUX_ZOMBIE_WEAPON	44	44	0	90	0	80	324	110	7	1			True	80	22					True
STR_ZOMBIE_PIMP_TERRORIST	STR_ZOMBIE	STR_LIVE_SOLDIER	ZOMBIE_PIMP_ARMOR	builtInWeapons	РУКОПАШНИК	AUX_ZOMBIE_INFECTOR_WEAPON	76	60	0	90	0	70	198	110	8	2			True	60	22					True
STR_ZOMBIE_SADAKO_TERRORIST	STR_ZOMBIE	STR_LIVE_MEDIC	ZOMBIE_SADAKO_ARMOR	builtInWeapons	РУКОПАШНИК;СТРЕЛОК(прочее оружие)	AUX_ZOMBIE_WEAPON;AUX_STRIX_WEAPON	52	50	0	80	30	60	219	100	4	2				65	22	True				True
STR_ZOMBIE_SENTINEL	STR_ZOMBIE	STR_LIVE_NAVIGATOR	ZOMBIE_SENTINEL_ARMOR	builtInWeaponSets	ОСВЕТИТЕЛЬ(FLARE)	STR_ZOMBIE_SENTINEL_REMAINS;STR_ZOMBIE_SENTINEL_REMAINS;STR_ZOMBIE_SENTINEL_REMAINS;STR_ZOMBIE_SENTINEL_REMAINS;STR_ZOMBIE_SENTINEL_REMAINS	40	70	50	100	0	120	266	110	1	4				80	22		STR_ZOMBIE_TROOPER_2			
STR_ZOMBIE_STERILE_TERRORIST	STR_ZOMBIE	STR_LIVE_SOLDIER	ZOMBIE_STERILE_ARMOR	builtInWeapons	РУКОПАШНИК	AUX_ZOMBIE_WEAPON	40	40	0	80	0	75	184	110	8	1			True	60	22					True
STR_ZOMBIE_TROOPER_1	STR_ZOMBIE	STR_LIVE_NAVIGATOR	ZOMBIE_TROOPER_1_ARMOR	meleeWeapon	РУКОПАШНИК	STR_UNARMED_GAUNTLET	50	40	40	90	0	110	200	110	2	4				80	22		STR_ZOMBIE_TROOPER_2			
STR_ZOMBIE_TROOPER_2	STR_ZOMBIE	STR_LIVE_NAVIGATOR	ZOMBIE_TROOPER_2_ARMOR	builtInWeapons	РУКОПАШНИК	AUX_ZOMBIE_WEAPON	70	45	0	100	0	90	250	110	8	3			True	80	22					True
